design,platform,total_power_mw,core_util,place_density,clock_period,die_area,critical_path_ns,result_path,tag
mult16s_booth4_brentkung_wrapper,asap7,0.258,60.0,0.68,1.0,259.725456,0.9891209,/workspaces/RTLGen/runs/designs/multipliers/mult16s_booth4_brentkung_wrapper/work/a3bdd812/result.json,mult_ppg_cpa_w4_32_asap7_highutil_c51f6982
mult16s_booth4_koggestone_wrapper,asap7,0.289,50.0,0.68,1.0,335.146249,0.6558746999999999,/workspaces/RTLGen/runs/designs/multipliers/mult16s_booth4_koggestone_wrapper/work/c7de4936/result.json,mult_ppg_cpa_w4_32_asap7_highutil_75828b8c
mult16s_booth4_ripple_wrapper,asap7,0.254,50.0,0.68,1.0,302.446881,1.11642,/workspaces/RTLGen/runs/designs/multipliers/mult16s_booth4_ripple_wrapper/work/c7de4936/result.json,mult_ppg_cpa_w4_32_asap7_highutil_75828b8c
mult16s_booth4_sklansky_wrapper,asap7,0.258,60.0,0.68,1.0,274.134249,0.6595488,/workspaces/RTLGen/runs/designs/multipliers/mult16s_booth4_sklansky_wrapper/work/a3bdd812/result.json,mult_ppg_cpa_w4_32_asap7_highutil_c51f6982
mult16s_normal_brentkung_wrapper,asap7,0.226,50.0,0.68,1.0,280.160644,1.0118069,/workspaces/RTLGen/runs/designs/multipliers/mult16s_normal_brentkung_wrapper/work/c7de4936/result.json,mult_ppg_cpa_w4_32_asap7_highutil_75828b8c
mult16s_normal_koggestone_wrapper,asap7,0.274,60.0,0.68,1.0,266.766889,0.6474225,/workspaces/RTLGen/runs/designs/multipliers/mult16s_normal_koggestone_wrapper/work/a3bdd812/result.json,mult_ppg_cpa_w4_32_asap7_highutil_c51f6982
mult16s_normal_ripple_wrapper,asap7,0.216,60.0,0.68,1.0,249.545209,1.1383044,/workspaces/RTLGen/runs/designs/multipliers/mult16s_normal_ripple_wrapper/work/a3bdd812/result.json,mult_ppg_cpa_w4_32_asap7_highutil_c51f6982
mult16s_normal_sklansky_wrapper,asap7,0.253,60.0,0.68,1.0,250.430625,0.6573555,/workspaces/RTLGen/runs/designs/multipliers/mult16s_normal_sklansky_wrapper/work/a3bdd812/result.json,mult_ppg_cpa_w4_32_asap7_highutil_c51f6982
mult16u_booth4_brentkung_wrapper,asap7,0.248,60.0,0.68,1.0,272.613121,1.109641,/workspaces/RTLGen/runs/designs/multipliers/mult16u_booth4_brentkung_wrapper/work/a3bdd812/result.json,mult_ppg_cpa_w4_32_asap7_highutil_c51f6982
mult16u_booth4_koggestone_wrapper,asap7,0.287,10.0,0.55,1.0,1517.492025,0.6690048000000001,/workspaces/RTLGen/runs/designs/multipliers/mult16u_booth4_koggestone_wrapper/work/b727aa3a/result.json,mult_ppg_cpa_w4_32_asap7_3b70c61f
mult16u_booth4_ripple_wrapper,asap7,0.252,60.0,0.68,1.0,249.355681,1.2390787,/workspaces/RTLGen/runs/designs/multipliers/mult16u_booth4_ripple_wrapper/work/a3bdd812/result.json,mult_ppg_cpa_w4_32_asap7_highutil_c51f6982
mult16u_booth4_sklansky_wrapper,asap7,0.265,50.0,0.68,1.0,335.842276,0.6436189000000001,/workspaces/RTLGen/runs/designs/multipliers/mult16u_booth4_sklansky_wrapper/work/c7de4936/result.json,mult_ppg_cpa_w4_32_asap7_highutil_75828b8c
mult16u_normal_brentkung_wrapper,asap7,0.24,50.0,0.68,1.0,280.328049,1.0217383,/workspaces/RTLGen/runs/designs/multipliers/mult16u_normal_brentkung_wrapper/work/c7de4936/result.json,mult_ppg_cpa_w4_32_asap7_highutil_75828b8c
mult16u_normal_koggestone_wrapper,asap7,0.25,50.0,0.68,1.0,305.585361,0.6720553,/workspaces/RTLGen/runs/designs/multipliers/mult16u_normal_koggestone_wrapper/work/c7de4936/result.json,mult_ppg_cpa_w4_32_asap7_highutil_75828b8c
mult16u_normal_ripple_wrapper,asap7,0.228,60.0,0.68,1.0,239.0116,1.1542661,/workspaces/RTLGen/runs/designs/multipliers/mult16u_normal_ripple_wrapper/work/a3bdd812/result.json,mult_ppg_cpa_w4_32_asap7_highutil_c51f6982
mult16u_normal_sklansky_wrapper,asap7,0.254,50.0,0.68,1.0,292.683664,0.6716937000000001,/workspaces/RTLGen/runs/designs/multipliers/mult16u_normal_sklansky_wrapper/work/c7de4936/result.json,mult_ppg_cpa_w4_32_asap7_highutil_75828b8c
mult32s_booth4_brentkung_wrapper,asap7,0.752,50.0,0.68,1.0,965.842084,1.7047867,/workspaces/RTLGen/runs/designs/multipliers/mult32s_booth4_brentkung_wrapper/work/c7de4936/result.json,mult_ppg_cpa_w4_32_asap7_highutil_75828b8c
mult32s_booth4_koggestone_wrapper,asap7,0.835,50.0,0.68,1.0,1031.501689,0.8729383000000001,/workspaces/RTLGen/runs/designs/multipliers/mult32s_booth4_koggestone_wrapper/work/c7de4936/result.json,mult_ppg_cpa_w4_32_asap7_highutil_75828b8c
mult32s_booth4_ripple_wrapper,asap7,0.682,50.0,0.68,1.0,976.062564,2.1659821999999997,/workspaces/RTLGen/runs/designs/multipliers/mult32s_booth4_ripple_wrapper/work/c7de4936/result.json,mult_ppg_cpa_w4_32_asap7_highutil_75828b8c
mult32s_booth4_sklansky_wrapper,asap7,0.742,60.0,0.68,1.0,839.8404,0.8880742,/workspaces/RTLGen/runs/designs/multipliers/mult32s_booth4_sklansky_wrapper/work/a3bdd812/result.json,mult_ppg_cpa_w4_32_asap7_highutil_c51f6982
mult32s_normal_brentkung_wrapper,asap7,0.7,60.0,0.68,1.0,767.179204,1.7484149,/workspaces/RTLGen/runs/designs/multipliers/mult32s_normal_brentkung_wrapper/work/a3bdd812/result.json,mult_ppg_cpa_w4_32_asap7_highutil_c51f6982
mult32s_normal_koggestone_wrapper,asap7,0.802,60.0,0.68,1.0,818.760996,0.8810175,/workspaces/RTLGen/runs/designs/multipliers/mult32s_normal_koggestone_wrapper/work/a3bdd812/result.json,mult_ppg_cpa_w4_32_asap7_highutil_c51f6982
mult32s_normal_ripple_wrapper,asap7,0.656,50.0,0.68,1.0,905.769216,2.2039436,/workspaces/RTLGen/runs/designs/multipliers/mult32s_normal_ripple_wrapper/work/c7de4936/result.json,mult_ppg_cpa_w4_32_asap7_highutil_75828b8c
mult32s_normal_sklansky_wrapper,asap7,0.748,60.0,0.68,1.0,790.284544,0.8811454,/workspaces/RTLGen/runs/designs/multipliers/mult32s_normal_sklansky_wrapper/work/a3bdd812/result.json,mult_ppg_cpa_w4_32_asap7_highutil_c51f6982
mult32u_booth4_brentkung_wrapper,asap7,0.788,60.0,0.68,1.0,836.308561,1.8194466999999999,/workspaces/RTLGen/runs/designs/multipliers/mult32u_booth4_brentkung_wrapper/work/a3bdd812/result.json,mult_ppg_cpa_w4_32_asap7_highutil_c51f6982
mult32u_booth4_koggestone_wrapper,asap7,0.811,50.0,0.68,1.0,1064.651641,0.9140737,/workspaces/RTLGen/runs/designs/multipliers/mult32u_booth4_koggestone_wrapper/work/c7de4936/result.json,mult_ppg_cpa_w4_32_asap7_highutil_75828b8c
mult32u_booth4_ripple_wrapper,asap7,0.677,60.0,0.68,1.0,740.275264,2.2707979,/workspaces/RTLGen/runs/designs/multipliers/mult32u_booth4_ripple_wrapper/work/a3bdd812/result.json,mult_ppg_cpa_w4_32_asap7_highutil_c51f6982
mult32u_booth4_sklansky_wrapper,asap7,0.779,50.0,0.68,1.0,1022.592484,0.9050511,/workspaces/RTLGen/runs/designs/multipliers/mult32u_booth4_sklansky_wrapper/work/c7de4936/result.json,mult_ppg_cpa_w4_32_asap7_highutil_75828b8c
mult32u_normal_brentkung_wrapper,asap7,0.705,60.0,0.68,1.0,766.680721,1.7588419,/workspaces/RTLGen/runs/designs/multipliers/mult32u_normal_brentkung_wrapper/work/a3bdd812/result.json,mult_ppg_cpa_w4_32_asap7_highutil_c51f6982
mult32u_normal_koggestone_wrapper,asap7,0.786,50.0,0.68,1.0,969.948736,0.9026431,/workspaces/RTLGen/runs/designs/multipliers/mult32u_normal_koggestone_wrapper/work/c7de4936/result.json,mult_ppg_cpa_w4_32_asap7_highutil_75828b8c
mult32u_normal_ripple_wrapper,asap7,0.681,60.0,0.68,1.0,757.790784,2.2102646,/workspaces/RTLGen/runs/designs/multipliers/mult32u_normal_ripple_wrapper/work/a3bdd812/result.json,mult_ppg_cpa_w4_32_asap7_highutil_c51f6982
mult32u_normal_sklansky_wrapper,asap7,0.763,60.0,0.68,1.0,792.309904,0.8728448,/workspaces/RTLGen/runs/designs/multipliers/mult32u_normal_sklansky_wrapper/work/a3bdd812/result.json,mult_ppg_cpa_w4_32_asap7_highutil_c51f6982
mult4s_booth4_brentkung_wrapper,asap7,0.0431,60.0,0.68,1.0,44.435556,0.38358909999999996,/workspaces/RTLGen/runs/designs/multipliers/mult4s_booth4_brentkung_wrapper/work/a3bdd812/result.json,mult_ppg_cpa_w4_32_asap7_highutil_c51f6982
mult4s_booth4_koggestone_wrapper,asap7,0.0481,60.0,0.68,1.0,48.038761,0.3426107,/workspaces/RTLGen/runs/designs/multipliers/mult4s_booth4_koggestone_wrapper/work/a3bdd812/result.json,mult_ppg_cpa_w4_32_asap7_highutil_c51f6982
mult4s_booth4_ripple_wrapper,asap7,0.0444,60.0,0.68,1.0,42.823936,0.3677852,/workspaces/RTLGen/runs/designs/multipliers/mult4s_booth4_ripple_wrapper/work/a3bdd812/result.json,mult_ppg_cpa_w4_32_asap7_highutil_c51f6982
mult4s_booth4_sklansky_wrapper,asap7,0.0454,50.0,0.68,1.0,52.823824,0.3324187,/workspaces/RTLGen/runs/designs/multipliers/mult4s_booth4_sklansky_wrapper/work/c7de4936/result.json,mult_ppg_cpa_w4_32_asap7_highutil_75828b8c
mult4s_normal_brentkung_wrapper,asap7,0.0434,50.0,0.68,1.0,41.422096,0.3424164,/workspaces/RTLGen/runs/designs/multipliers/mult4s_normal_brentkung_wrapper/work/c7de4936/result.json,mult_ppg_cpa_w4_32_asap7_highutil_75828b8c
mult4s_normal_koggestone_wrapper,asap7,0.0446,60.0,0.68,1.0,38.6884,0.31627710000000003,/workspaces/RTLGen/runs/designs/multipliers/mult4s_normal_koggestone_wrapper/work/a3bdd812/result.json,mult_ppg_cpa_w4_32_asap7_highutil_c51f6982
mult4s_normal_ripple_wrapper,asap7,0.0424,50.0,0.68,1.0,41.254929,0.3407655,/workspaces/RTLGen/runs/designs/multipliers/mult4s_normal_ripple_wrapper/work/c7de4936/result.json,mult_ppg_cpa_w4_32_asap7_highutil_75828b8c
mult4s_normal_sklansky_wrapper,asap7,0.041,60.0,0.68,1.0,37.173409,0.3238331,/workspaces/RTLGen/runs/designs/multipliers/mult4s_normal_sklansky_wrapper/work/a3bdd812/result.json,mult_ppg_cpa_w4_32_asap7_highutil_c51f6982
mult4u_booth4_brentkung_wrapper,asap7,0.0476,60.0,0.68,1.0,45.468049,0.41113010000000005,/workspaces/RTLGen/runs/designs/multipliers/mult4u_booth4_brentkung_wrapper/work/a3bdd812/result.json,mult_ppg_cpa_w4_32_asap7_highutil_c51f6982
mult4u_booth4_koggestone_wrapper,asap7,0.05,50.0,0.68,1.0,56.070144,0.3369686,/workspaces/RTLGen/runs/designs/multipliers/mult4u_booth4_koggestone_wrapper/work/c7de4936/result.json,mult_ppg_cpa_w4_32_asap7_highutil_75828b8c
mult4u_booth4_ripple_wrapper,asap7,0.0464,50.0,0.68,1.0,51.051025,0.40694220000000003,/workspaces/RTLGen/runs/designs/multipliers/mult4u_booth4_ripple_wrapper/work/c7de4936/result.json,mult_ppg_cpa_w4_32_asap7_highutil_75828b8c
mult4u_booth4_sklansky_wrapper,asap7,0.0456,50.0,0.68,1.0,54.066609,0.3065591,/workspaces/RTLGen/runs/designs/multipliers/mult4u_booth4_sklansky_wrapper/work/c7de4936/result.json,mult_ppg_cpa_w4_32_asap7_highutil_75828b8c
mult4u_normal_brentkung_wrapper,asap7,0.0394,60.0,0.68,1.0,36.192256,0.2913962,/workspaces/RTLGen/runs/designs/multipliers/mult4u_normal_brentkung_wrapper/work/a3bdd812/result.json,mult_ppg_cpa_w4_32_asap7_highutil_c51f6982
mult4u_normal_koggestone_wrapper,asap7,0.0413,10.0,0.55,1.0,151.511481,0.2855133,/workspaces/RTLGen/runs/designs/multipliers/mult4u_normal_koggestone_wrapper/work/b727aa3a/result.json,mult_ppg_cpa_w4_32_asap7_3b70c61f
mult4u_normal_ripple_wrapper,asap7,0.039,50.0,0.68,1.0,40.653376,0.3220715,/workspaces/RTLGen/runs/designs/multipliers/mult4u_normal_ripple_wrapper/work/c7de4936/result.json,mult_ppg_cpa_w4_32_asap7_highutil_75828b8c
mult4u_normal_sklansky_wrapper,asap7,0.043,10.0,0.55,1.0,144.0,0.3058708,/workspaces/RTLGen/runs/designs/multipliers/mult4u_normal_sklansky_wrapper/work/b727aa3a/result.json,mult_ppg_cpa_w4_32_asap7_3b70c61f
mult8s_booth4_brentkung_wrapper,asap7,0.105,60.0,0.68,1.0,99.380961,0.6241939999999999,/workspaces/RTLGen/runs/designs/multipliers/mult8s_booth4_brentkung_wrapper/work/a3bdd812/result.json,mult_ppg_cpa_w4_32_asap7_highutil_c51f6982
mult8s_booth4_koggestone_wrapper,asap7,0.111,60.0,0.68,1.0,112.021056,0.4880528,/workspaces/RTLGen/runs/designs/multipliers/mult8s_booth4_koggestone_wrapper/work/a3bdd812/result.json,mult_ppg_cpa_w4_32_asap7_highutil_c51f6982
mult8s_booth4_ripple_wrapper,asap7,0.0922,60.0,0.68,1.0,96.589584,0.6173989,/workspaces/RTLGen/runs/designs/multipliers/mult8s_booth4_ripple_wrapper/work/a3bdd812/result.json,mult_ppg_cpa_w4_32_asap7_highutil_c51f6982
mult8s_booth4_sklansky_wrapper,asap7,0.112,60.0,0.68,1.0,105.144516,0.4696494,/workspaces/RTLGen/runs/designs/multipliers/mult8s_booth4_sklansky_wrapper/work/a3bdd812/result.json,mult_ppg_cpa_w4_32_asap7_highutil_c51f6982
mult8s_normal_brentkung_wrapper,asap7,0.101,10.0,0.55,1.0,396.209025,0.6119029,/workspaces/RTLGen/runs/designs/multipliers/mult8s_normal_brentkung_wrapper/work/b727aa3a/result.json,mult_ppg_cpa_w4_32_asap7_3b70c61f
mult8s_normal_koggestone_wrapper,asap7,0.108,10.0,0.55,1.0,454.9689,0.4980385,/workspaces/RTLGen/runs/designs/multipliers/mult8s_normal_koggestone_wrapper/work/b727aa3a/result.json,mult_ppg_cpa_w4_32_asap7_3b70c61f
mult8s_normal_ripple_wrapper,asap7,0.102,10.0,0.55,1.0,407.070976,0.6013685000000001,/workspaces/RTLGen/runs/designs/multipliers/mult8s_normal_ripple_wrapper/work/b727aa3a/result.json,mult_ppg_cpa_w4_32_asap7_3b70c61f
mult8s_normal_sklansky_wrapper,asap7,0.0983,60.0,0.68,1.0,93.161104,0.4851742,/workspaces/RTLGen/runs/designs/multipliers/mult8s_normal_sklansky_wrapper/work/a3bdd812/result.json,mult_ppg_cpa_w4_32_asap7_highutil_c51f6982
mult8u_booth4_brentkung_wrapper,asap7,0.106,60.0,0.68,1.0,103.205281,0.7251295,/workspaces/RTLGen/runs/designs/multipliers/mult8u_booth4_brentkung_wrapper/work/a3bdd812/result.json,mult_ppg_cpa_w4_32_asap7_highutil_c51f6982
mult8u_booth4_koggestone_wrapper,asap7,0.113,60.0,0.68,1.0,109.244304,0.5347693,/workspaces/RTLGen/runs/designs/multipliers/mult8u_booth4_koggestone_wrapper/work/a3bdd812/result.json,mult_ppg_cpa_w4_32_asap7_highutil_c51f6982
mult8u_booth4_ripple_wrapper,asap7,0.102,60.0,0.68,1.0,98.267569,0.7013386,/workspaces/RTLGen/runs/designs/multipliers/mult8u_booth4_ripple_wrapper/work/a3bdd812/result.json,mult_ppg_cpa_w4_32_asap7_highutil_c51f6982
mult8u_booth4_sklansky_wrapper,asap7,0.108,60.0,0.68,1.0,108.430569,0.5199881000000001,/workspaces/RTLGen/runs/designs/multipliers/mult8u_booth4_sklansky_wrapper/work/a3bdd812/result.json,mult_ppg_cpa_w4_32_asap7_highutil_c51f6982
mult8u_normal_brentkung_wrapper,asap7,0.103,10.0,0.55,1.0,399.120484,0.6031467,/workspaces/RTLGen/runs/designs/multipliers/mult8u_normal_brentkung_wrapper/work/b727aa3a/result.json,mult_ppg_cpa_w4_32_asap7_3b70c61f
mult8u_normal_koggestone_wrapper,asap7,0.0992,60.0,0.68,1.0,94.906564,0.4968664,/workspaces/RTLGen/runs/designs/multipliers/mult8u_normal_koggestone_wrapper/work/a3bdd812/result.json,mult_ppg_cpa_w4_32_asap7_highutil_c51f6982
mult8u_normal_ripple_wrapper,asap7,0.115,10.0,0.55,1.0,417.425761,0.5932789,/workspaces/RTLGen/runs/designs/multipliers/mult8u_normal_ripple_wrapper/work/b727aa3a/result.json,mult_ppg_cpa_w4_32_asap7_3b70c61f
mult8u_normal_sklansky_wrapper,asap7,0.102,60.0,0.68,1.0,93.993025,0.4743977,/workspaces/RTLGen/runs/designs/multipliers/mult8u_normal_sklansky_wrapper/work/a3bdd812/result.json,mult_ppg_cpa_w4_32_asap7_highutil_c51f6982
mult16s_booth4_brentkung_wrapper,nangate45,0.0021,50.0,0.68,2.5,3662.6704,2.2724,/workspaces/RTLGen/runs/designs/multipliers/mult16s_booth4_brentkung_wrapper/work/39ca4667/result.json,mult_ppg_cpa_w4_32_nangate45_highutil_87b48795
mult16s_booth4_koggestone_wrapper,nangate45,0.00321,60.0,0.68,2.5,3312.0025,0.1939,/workspaces/RTLGen/runs/designs/multipliers/mult16s_booth4_koggestone_wrapper/work/84032167/result.json,mult_ppg_cpa_w4_32_nangate45_highutil_da64be35
mult16s_booth4_ripple_wrapper,nangate45,0.00191,50.0,0.68,2.5,3850.823025,2.4768,/workspaces/RTLGen/runs/designs/multipliers/mult16s_booth4_ripple_wrapper/work/39ca4667/result.json,mult_ppg_cpa_w4_32_nangate45_highutil_87b48795
mult16s_booth4_sklansky_wrapper,nangate45,0.00271,60.0,0.68,2.5,3146.649025,0.1986,/workspaces/RTLGen/runs/designs/multipliers/mult16s_booth4_sklansky_wrapper/work/84032167/result.json,mult_ppg_cpa_w4_32_nangate45_highutil_da64be35
mult16s_normal_brentkung_wrapper,nangate45,0.0024,50.0,0.68,2.5,3785.9409,2.2587,/workspaces/RTLGen/runs/designs/multipliers/mult16s_normal_brentkung_wrapper/work/39ca4667/result.json,mult_ppg_cpa_w4_32_nangate45_highutil_87b48795
mult16s_normal_koggestone_wrapper,nangate45,0.00417,60.0,0.68,2.5,3519.455625,0.1954,/workspaces/RTLGen/runs/designs/multipliers/mult16s_normal_koggestone_wrapper/work/84032167/result.json,mult_ppg_cpa_w4_32_nangate45_highutil_da64be35
mult16s_normal_ripple_wrapper,nangate45,0.00214,60.0,0.68,2.5,3262.6944,2.5346,/workspaces/RTLGen/runs/designs/multipliers/mult16s_normal_ripple_wrapper/work/84032167/result.json,mult_ppg_cpa_w4_32_nangate45_highutil_da64be35
mult16s_normal_sklansky_wrapper,nangate45,0.00313,60.0,0.68,2.5,3286.155625,0.2004,/workspaces/RTLGen/runs/designs/multipliers/mult16s_normal_sklansky_wrapper/work/84032167/result.json,mult_ppg_cpa_w4_32_nangate45_highutil_da64be35
mult16u_booth4_brentkung_wrapper,nangate45,0.00243,60.0,0.68,2.5,3285.5824,2.4281,/workspaces/RTLGen/runs/designs/multipliers/mult16u_booth4_brentkung_wrapper/work/84032167/result.json,mult_ppg_cpa_w4_32_nangate45_highutil_da64be35
mult16u_booth4_koggestone_wrapper,nangate45,0.00364,60.0,0.68,2.5,3487.493025,0.1941,/workspaces/RTLGen/runs/designs/multipliers/mult16u_booth4_koggestone_wrapper/work/84032167/result.json,mult_ppg_cpa_w4_32_nangate45_highutil_da64be35
mult16u_booth4_ripple_wrapper,nangate45,0.00219,50.0,0.68,2.5,4171.222225,2.6148,/workspaces/RTLGen/runs/designs/multipliers/mult16u_booth4_ripple_wrapper/work/39ca4667/result.json,mult_ppg_cpa_w4_32_nangate45_highutil_87b48795
mult16u_booth4_sklansky_wrapper,nangate45,0.00332,60.0,0.68,2.5,3372.1249,0.1943,/workspaces/RTLGen/runs/designs/multipliers/mult16u_booth4_sklansky_wrapper/work/84032167/result.json,mult_ppg_cpa_w4_32_nangate45_highutil_da64be35
mult16u_normal_brentkung_wrapper,nangate45,0.0024,60.0,0.68,2.5,3165.750225,2.3081,/workspaces/RTLGen/runs/designs/multipliers/mult16u_normal_brentkung_wrapper/work/84032167/result.json,mult_ppg_cpa_w4_32_nangate45_highutil_da64be35
mult16u_normal_koggestone_wrapper,nangate45,0.00382,60.0,0.68,2.5,3495.765625,0.1943,/workspaces/RTLGen/runs/designs/multipliers/mult16u_normal_koggestone_wrapper/work/84032167/result.json,mult_ppg_cpa_w4_32_nangate45_highutil_da64be35
mult16u_normal_ripple_wrapper,nangate45,0.00207,60.0,0.68,2.5,3229.6489,2.5513,/workspaces/RTLGen/runs/designs/multipliers/mult16u_normal_ripple_wrapper/work/84032167/result.json,mult_ppg_cpa_w4_32_nangate45_highutil_da64be35
mult16u_normal_sklansky_wrapper,nangate45,0.00331,50.0,0.68,2.5,3972.150625,0.1989,/workspaces/RTLGen/runs/designs/multipliers/mult16u_normal_sklansky_wrapper/work/39ca4667/result.json,mult_ppg_cpa_w4_32_nangate45_highutil_87b48795
mult32s_booth4_brentkung_wrapper,nangate45,0.0157,60.0,0.68,2.5,10418.2849,3.6196,/workspaces/RTLGen/runs/designs/multipliers/mult32s_booth4_brentkung_wrapper/work/84032167/result.json,mult_ppg_cpa_w4_32_nangate45_highutil_da64be35
mult32s_booth4_koggestone_wrapper,nangate45,0.0263,60.0,0.68,2.5,10972.5625,0.2307,/workspaces/RTLGen/runs/designs/multipliers/mult32s_booth4_koggestone_wrapper/work/84032167/result.json,mult_ppg_cpa_w4_32_nangate45_highutil_da64be35
mult32s_booth4_ripple_wrapper,nangate45,0.013,60.0,0.68,2.5,10801.4449,4.8042,/workspaces/RTLGen/runs/designs/multipliers/mult32s_booth4_ripple_wrapper/work/84032167/result.json,mult_ppg_cpa_w4_32_nangate45_highutil_da64be35
mult32s_booth4_sklansky_wrapper,nangate45,0.0198,60.0,0.68,2.5,10589.439025,0.2295,/workspaces/RTLGen/runs/designs/multipliers/mult32s_booth4_sklansky_wrapper/work/84032167/result.json,mult_ppg_cpa_w4_32_nangate45_highutil_da64be35
mult32s_normal_brentkung_wrapper,nangate45,0.0185,60.0,0.68,2.5,11401.9684,3.7249,/workspaces/RTLGen/runs/designs/multipliers/mult32s_normal_brentkung_wrapper/work/84032167/result.json,mult_ppg_cpa_w4_32_nangate45_highutil_da64be35
mult32s_normal_koggestone_wrapper,nangate45,0.0321,60.0,0.68,2.5,12127.515625,0.2309,/workspaces/RTLGen/runs/designs/multipliers/mult32s_normal_koggestone_wrapper/work/84032167/result.json,mult_ppg_cpa_w4_32_nangate45_highutil_da64be35
mult32s_normal_ripple_wrapper,nangate45,0.0151,60.0,0.68,2.5,12078.01,4.9395,/workspaces/RTLGen/runs/designs/multipliers/mult32s_normal_ripple_wrapper/work/84032167/result.json,mult_ppg_cpa_w4_32_nangate45_highutil_da64be35
mult32s_normal_sklansky_wrapper,nangate45,0.0238,50.0,0.68,2.5,13985.4276,0.2436,/workspaces/RTLGen/runs/designs/multipliers/mult32s_normal_sklansky_wrapper/work/39ca4667/result.json,mult_ppg_cpa_w4_32_nangate45_highutil_87b48795
mult32u_booth4_brentkung_wrapper,nangate45,0.0171,60.0,0.68,2.5,10909.8025,3.7335,/workspaces/RTLGen/runs/designs/multipliers/mult32u_booth4_brentkung_wrapper/work/84032167/result.json,mult_ppg_cpa_w4_32_nangate45_highutil_da64be35
mult32u_booth4_koggestone_wrapper,nangate45,0.0279,50.0,0.68,2.5,13680.811225,0.2428,/workspaces/RTLGen/runs/designs/multipliers/mult32u_booth4_koggestone_wrapper/work/39ca4667/result.json,mult_ppg_cpa_w4_32_nangate45_highutil_87b48795
mult32u_booth4_ripple_wrapper,nangate45,0.0139,60.0,0.68,2.5,10921.295025,4.8831,/workspaces/RTLGen/runs/designs/multipliers/mult32u_booth4_ripple_wrapper/work/84032167/result.json,mult_ppg_cpa_w4_32_nangate45_highutil_da64be35
mult32u_booth4_sklansky_wrapper,nangate45,0.0214,60.0,0.68,2.5,10974.6576,0.236,/workspaces/RTLGen/runs/designs/multipliers/mult32u_booth4_sklansky_wrapper/work/84032167/result.json,mult_ppg_cpa_w4_32_nangate45_highutil_da64be35
mult32u_normal_brentkung_wrapper,nangate45,0.0187,50.0,0.68,2.5,13642.24,3.7109,/workspaces/RTLGen/runs/designs/multipliers/mult32u_normal_brentkung_wrapper/work/39ca4667/result.json,mult_ppg_cpa_w4_32_nangate45_highutil_87b48795
mult32u_normal_koggestone_wrapper,nangate45,0.0301,50.0,0.68,2.5,14352.04,0.2425,/workspaces/RTLGen/runs/designs/multipliers/mult32u_normal_koggestone_wrapper/work/39ca4667/result.json,mult_ppg_cpa_w4_32_nangate45_highutil_87b48795
mult32u_normal_ripple_wrapper,nangate45,0.015,60.0,0.68,2.5,11767.9104,5.0025,/workspaces/RTLGen/runs/designs/multipliers/mult32u_normal_ripple_wrapper/work/84032167/result.json,mult_ppg_cpa_w4_32_nangate45_highutil_da64be35
mult32u_normal_sklansky_wrapper,nangate45,0.0246,60.0,0.68,2.5,11689.9344,0.2368,/workspaces/RTLGen/runs/designs/multipliers/mult32u_normal_sklansky_wrapper/work/84032167/result.json,mult_ppg_cpa_w4_32_nangate45_highutil_da64be35
mult4s_booth4_brentkung_wrapper,nangate45,0.000116,60.0,0.68,2.5,382.789225,0.1671,/workspaces/RTLGen/runs/designs/multipliers/mult4s_booth4_brentkung_wrapper/work/84032167/result.json,mult_ppg_cpa_w4_32_nangate45_highutil_da64be35
mult4s_booth4_koggestone_wrapper,nangate45,0.000128,60.0,0.68,2.5,408.04,0.1694,/workspaces/RTLGen/runs/designs/multipliers/mult4s_booth4_koggestone_wrapper/work/84032167/result.json,mult_ppg_cpa_w4_32_nangate45_highutil_da64be35
mult4s_booth4_ripple_wrapper,nangate45,0.000113,60.0,0.68,2.5,368.064225,0.1686,/workspaces/RTLGen/runs/designs/multipliers/mult4s_booth4_ripple_wrapper/work/84032167/result.json,mult_ppg_cpa_w4_32_nangate45_highutil_da64be35
mult4s_booth4_sklansky_wrapper,nangate45,0.000127,60.0,0.68,2.5,391.2484,0.1685,/workspaces/RTLGen/runs/designs/multipliers/mult4s_booth4_sklansky_wrapper/work/84032167/result.json,mult_ppg_cpa_w4_32_nangate45_highutil_da64be35
mult4s_normal_brentkung_wrapper,nangate45,0.000104,50.0,0.68,2.5,368.064225,0.1696,/workspaces/RTLGen/runs/designs/multipliers/mult4s_normal_brentkung_wrapper/work/39ca4667/result.json,mult_ppg_cpa_w4_32_nangate45_highutil_87b48795
mult4s_normal_koggestone_wrapper,nangate45,0.000111,50.0,0.68,2.5,397.6036,0.1688,/workspaces/RTLGen/runs/designs/multipliers/mult4s_normal_koggestone_wrapper/work/39ca4667/result.json,mult_ppg_cpa_w4_32_nangate45_highutil_87b48795
mult4s_normal_ripple_wrapper,nangate45,9.76e-05,50.0,0.68,2.5,351.375025,0.1672,/workspaces/RTLGen/runs/designs/multipliers/mult4s_normal_ripple_wrapper/work/39ca4667/result.json,mult_ppg_cpa_w4_32_nangate45_highutil_87b48795
mult4s_normal_sklansky_wrapper,nangate45,0.00011,50.0,0.68,2.5,386.9089,0.1687,/workspaces/RTLGen/runs/designs/multipliers/mult4s_normal_sklansky_wrapper/work/39ca4667/result.json,mult_ppg_cpa_w4_32_nangate45_highutil_87b48795
mult4u_booth4_brentkung_wrapper,nangate45,0.00013,60.0,0.68,2.5,394.221025,0.168,/workspaces/RTLGen/runs/designs/multipliers/mult4u_booth4_brentkung_wrapper/work/84032167/result.json,mult_ppg_cpa_w4_32_nangate45_highutil_da64be35
mult4u_booth4_koggestone_wrapper,nangate45,0.00014,60.0,0.68,2.5,416.772225,0.168,/workspaces/RTLGen/runs/designs/multipliers/mult4u_booth4_koggestone_wrapper/work/84032167/result.json,mult_ppg_cpa_w4_32_nangate45_highutil_da64be35
mult4u_booth4_ripple_wrapper,nangate45,0.000125,60.0,0.68,2.5,379.275625,0.1694,/workspaces/RTLGen/runs/designs/multipliers/mult4u_booth4_ripple_wrapper/work/84032167/result.json,mult_ppg_cpa_w4_32_nangate45_highutil_da64be35
mult4u_booth4_sklansky_wrapper,nangate45,0.000142,60.0,0.68,2.5,414.326025,0.1687,/workspaces/RTLGen/runs/designs/multipliers/mult4u_booth4_sklansky_wrapper/work/84032167/result.json,mult_ppg_cpa_w4_32_nangate45_highutil_da64be35
mult4u_normal_brentkung_wrapper,nangate45,8.85e-05,50.0,0.68,2.5,356.643225,0.1681,/workspaces/RTLGen/runs/designs/multipliers/mult4u_normal_brentkung_wrapper/work/39ca4667/result.json,mult_ppg_cpa_w4_32_nangate45_highutil_87b48795
mult4u_normal_koggestone_wrapper,nangate45,9.43e-05,50.0,0.68,2.5,395.2144,0.1671,/workspaces/RTLGen/runs/designs/multipliers/mult4u_normal_koggestone_wrapper/work/39ca4667/result.json,mult_ppg_cpa_w4_32_nangate45_highutil_87b48795
mult4u_normal_ripple_wrapper,nangate45,8.48e-05,45.0,0.65,2.5,379.4704,0.1677,/workspaces/RTLGen/runs/designs/multipliers/mult4u_normal_ripple_wrapper/work/320551ce/result.json,mult4u_normal_ripple_n45_relaxed_99366b7a
mult4u_normal_sklansky_wrapper,nangate45,8.98e-05,50.0,0.68,2.5,375.778225,0.1675,/workspaces/RTLGen/runs/designs/multipliers/mult4u_normal_sklansky_wrapper/work/39ca4667/result.json,mult_ppg_cpa_w4_32_nangate45_highutil_87b48795
mult8s_booth4_brentkung_wrapper,nangate45,0.000431,50.0,0.68,2.5,1223.250625,0.1772,/workspaces/RTLGen/runs/designs/multipliers/mult8s_booth4_brentkung_wrapper/work/39ca4667/result.json,mult_ppg_cpa_w4_32_nangate45_highutil_87b48795
mult8s_booth4_koggestone_wrapper,nangate45,0.000596,60.0,0.68,2.5,1148.5321,0.1755,/workspaces/RTLGen/runs/designs/multipliers/mult8s_booth4_koggestone_wrapper/work/84032167/result.json,mult_ppg_cpa_w4_32_nangate45_highutil_da64be35
mult8s_booth4_ripple_wrapper,nangate45,0.000416,50.0,0.68,2.5,1195.7764,0.1771,/workspaces/RTLGen/runs/designs/multipliers/mult8s_booth4_ripple_wrapper/work/39ca4667/result.json,mult_ppg_cpa_w4_32_nangate45_highutil_87b48795
mult8s_booth4_sklansky_wrapper,nangate45,0.000515,60.0,0.68,2.5,1060.479225,0.1761,/workspaces/RTLGen/runs/designs/multipliers/mult8s_booth4_sklansky_wrapper/work/84032167/result.json,mult_ppg_cpa_w4_32_nangate45_highutil_da64be35
mult8s_normal_brentkung_wrapper,nangate45,0.000427,50.0,0.68,2.5,1131.313225,0.1794,/workspaces/RTLGen/runs/designs/multipliers/mult8s_normal_brentkung_wrapper/work/39ca4667/result.json,mult_ppg_cpa_w4_32_nangate45_highutil_87b48795
mult8s_normal_koggestone_wrapper,nangate45,0.00065,60.0,0.68,2.5,1109.5561,0.1766,/workspaces/RTLGen/runs/designs/multipliers/mult8s_normal_koggestone_wrapper/work/84032167/result.json,mult_ppg_cpa_w4_32_nangate45_highutil_da64be35
mult8s_normal_ripple_wrapper,nangate45,0.000383,50.0,0.68,2.5,1103.5684,0.1766,/workspaces/RTLGen/runs/designs/multipliers/mult8s_normal_ripple_wrapper/work/39ca4667/result.json,mult_ppg_cpa_w4_32_nangate45_highutil_87b48795
mult8s_normal_sklansky_wrapper,nangate45,0.000513,50.0,0.68,2.5,1188.1809,0.1787,/workspaces/RTLGen/runs/designs/multipliers/mult8s_normal_sklansky_wrapper/work/39ca4667/result.json,mult_ppg_cpa_w4_32_nangate45_highutil_87b48795
mult8u_booth4_brentkung_wrapper,nangate45,0.000504,50.0,0.68,2.5,1366.7809,0.176,/workspaces/RTLGen/runs/designs/multipliers/mult8u_booth4_brentkung_wrapper/work/39ca4667/result.json,mult_ppg_cpa_w4_32_nangate45_highutil_87b48795
mult8u_booth4_koggestone_wrapper,nangate45,0.000677,60.0,0.68,2.5,1197.8521,0.1771,/workspaces/RTLGen/runs/designs/multipliers/mult8u_booth4_koggestone_wrapper/work/84032167/result.json,mult_ppg_cpa_w4_32_nangate45_highutil_da64be35
mult8u_booth4_ripple_wrapper,nangate45,0.000465,50.0,0.68,2.5,1279.135225,0.176,/workspaces/RTLGen/runs/designs/multipliers/mult8u_booth4_ripple_wrapper/work/39ca4667/result.json,mult_ppg_cpa_w4_32_nangate45_highutil_87b48795
mult8u_booth4_sklansky_wrapper,nangate45,0.000591,50.0,0.68,2.5,1347.991225,0.1753,/workspaces/RTLGen/runs/designs/multipliers/mult8u_booth4_sklansky_wrapper/work/39ca4667/result.json,mult_ppg_cpa_w4_32_nangate45_highutil_87b48795
mult8u_normal_brentkung_wrapper,nangate45,0.000385,50.0,0.68,2.5,1117.5649,0.1767,/workspaces/RTLGen/runs/designs/multipliers/mult8u_normal_brentkung_wrapper/work/39ca4667/result.json,mult_ppg_cpa_w4_32_nangate45_highutil_87b48795
mult8u_normal_koggestone_wrapper,nangate45,0.000512,60.0,0.68,2.5,1063.086025,0.1756,/workspaces/RTLGen/runs/designs/multipliers/mult8u_normal_koggestone_wrapper/work/84032167/result.json,mult_ppg_cpa_w4_32_nangate45_highutil_da64be35
mult8u_normal_ripple_wrapper,nangate45,0.000358,50.0,0.68,2.5,1198.5444,0.1759,/workspaces/RTLGen/runs/designs/multipliers/mult8u_normal_ripple_wrapper/work/39ca4667/result.json,mult_ppg_cpa_w4_32_nangate45_highutil_87b48795
mult8u_normal_sklansky_wrapper,nangate45,0.00046,50.0,0.68,2.5,1213.8256,0.1776,/workspaces/RTLGen/runs/designs/multipliers/mult8u_normal_sklansky_wrapper/work/39ca4667/result.json,mult_ppg_cpa_w4_32_nangate45_highutil_87b48795
mult16s_booth4_brentkung_wrapper,sky130hd,0.00499,40.0,0.65,6.0,21403.69,9.2077,/workspaces/RTLGen/runs/designs/multipliers/mult16s_booth4_brentkung_wrapper/work/4c404a8c/result.json,mult_ppg_cpa_w4_32_sky130hd_highutil_8de86181
mult16s_booth4_koggestone_wrapper,sky130hd,0.0065,50.0,0.65,6.0,18520.4881,5.9629,/workspaces/RTLGen/runs/designs/multipliers/mult16s_booth4_koggestone_wrapper/work/ee6c4432/result.json,mult_ppg_cpa_w4_32_sky130hd_highutil_8c56d3b0
mult16s_booth4_ripple_wrapper,sky130hd,0.00392,50.0,0.65,6.0,17585.4121,10.7916,/workspaces/RTLGen/runs/designs/multipliers/mult16s_booth4_ripple_wrapper/work/ee6c4432/result.json,mult_ppg_cpa_w4_32_sky130hd_highutil_8c56d3b0
mult16s_booth4_sklansky_wrapper,sky130hd,0.00544,40.0,0.65,6.0,21975.0976,5.847,/workspaces/RTLGen/runs/designs/multipliers/mult16s_booth4_sklansky_wrapper/work/4c404a8c/result.json,mult_ppg_cpa_w4_32_sky130hd_highutil_8de86181
mult16s_normal_brentkung_wrapper,sky130hd,0.0051,40.0,0.65,6.0,22056.705225,9.9125,/workspaces/RTLGen/runs/designs/multipliers/mult16s_normal_brentkung_wrapper/work/4c404a8c/result.json,mult_ppg_cpa_w4_32_sky130hd_highutil_8de86181
mult16s_normal_koggestone_wrapper,sky130hd,0.00698,40.0,0.65,6.0,23309.655625,5.9921,/workspaces/RTLGen/runs/designs/multipliers/mult16s_normal_koggestone_wrapper/work/4c404a8c/result.json,mult_ppg_cpa_w4_32_sky130hd_highutil_8de86181
mult16s_normal_ripple_wrapper,sky130hd,0.00427,50.0,0.65,6.0,17427.960225,11.5504,/workspaces/RTLGen/runs/designs/multipliers/mult16s_normal_ripple_wrapper/work/ee6c4432/result.json,mult_ppg_cpa_w4_32_sky130hd_highutil_8c56d3b0
mult16s_normal_sklansky_wrapper,sky130hd,0.0057,40.0,0.65,6.0,22590.09,5.962,/workspaces/RTLGen/runs/designs/multipliers/mult16s_normal_sklansky_wrapper/work/4c404a8c/result.json,mult_ppg_cpa_w4_32_sky130hd_highutil_8de86181
mult16u_booth4_brentkung_wrapper,sky130hd,0.0053,40.0,0.65,6.0,22970.4336,9.9801,/workspaces/RTLGen/runs/designs/multipliers/mult16u_booth4_brentkung_wrapper/work/4c404a8c/result.json,mult_ppg_cpa_w4_32_sky130hd_highutil_8de86181
mult16u_booth4_koggestone_wrapper,sky130hd,0.0076,50.0,0.65,6.0,19650.4324,5.8082,/workspaces/RTLGen/runs/designs/multipliers/mult16u_booth4_koggestone_wrapper/work/ee6c4432/result.json,mult_ppg_cpa_w4_32_sky130hd_highutil_8c56d3b0
mult16u_booth4_ripple_wrapper,sky130hd,0.00433,40.0,0.65,6.0,22297.955625,11.8191,/workspaces/RTLGen/runs/designs/multipliers/mult16u_booth4_ripple_wrapper/work/4c404a8c/result.json,mult_ppg_cpa_w4_32_sky130hd_highutil_8de86181
mult16u_booth4_sklansky_wrapper,sky130hd,0.00613,50.0,0.65,6.0,18948.899025,5.9468,/workspaces/RTLGen/runs/designs/multipliers/mult16u_booth4_sklansky_wrapper/work/ee6c4432/result.json,mult_ppg_cpa_w4_32_sky130hd_highutil_8c56d3b0
mult16u_normal_brentkung_wrapper,sky130hd,0.00504,40.0,0.65,6.0,21908.440225,10.0397,/workspaces/RTLGen/runs/designs/multipliers/mult16u_normal_brentkung_wrapper/work/4c404a8c/result.json,mult_ppg_cpa_w4_32_sky130hd_highutil_8de86181
mult16u_normal_koggestone_wrapper,sky130hd,0.00745,40.0,0.65,6.0,24237.819225,5.8993,/workspaces/RTLGen/runs/designs/multipliers/mult16u_normal_koggestone_wrapper/work/4c404a8c/result.json,mult_ppg_cpa_w4_32_sky130hd_highutil_8de86181
mult16u_normal_ripple_wrapper,sky130hd,0.00414,50.0,0.65,6.0,17445.1264,11.708,/workspaces/RTLGen/runs/designs/multipliers/mult16u_normal_ripple_wrapper/work/ee6c4432/result.json,mult_ppg_cpa_w4_32_sky130hd_highutil_8c56d3b0
mult16u_normal_sklansky_wrapper,sky130hd,0.00606,40.0,0.65,6.0,22814.592025,6.0676,/workspaces/RTLGen/runs/designs/multipliers/mult16u_normal_sklansky_wrapper/work/4c404a8c/result.json,mult_ppg_cpa_w4_32_sky130hd_highutil_8de86181
mult32s_booth4_brentkung_wrapper,sky130hd,0.0294,40.0,0.65,6.0,75204.835225,16.5973,/workspaces/RTLGen/runs/designs/multipliers/mult32s_booth4_brentkung_wrapper/work/4c404a8c/result.json,mult_ppg_cpa_w4_32_sky130hd_highutil_8de86181
mult32s_booth4_koggestone_wrapper,sky130hd,0.0764,10.0,0.55,6.0,316862.039025,7.1178,/workspaces/RTLGen/runs/designs/multipliers/mult32s_booth4_koggestone_wrapper/work/b1b86ede/result.json,mult_ppg_cpa_w4_32_sky130_70e18859
mult32s_booth4_ripple_wrapper,sky130hd,0.0218,40.0,0.65,6.0,76493.730625,22.169,/workspaces/RTLGen/runs/designs/multipliers/mult32s_booth4_ripple_wrapper/work/4c404a8c/result.json,mult_ppg_cpa_w4_32_sky130hd_highutil_8de86181
mult32s_booth4_sklansky_wrapper,sky130hd,0.0488,40.0,0.65,6.0,76698.533025,7.3827,/workspaces/RTLGen/runs/designs/multipliers/mult32s_booth4_sklansky_wrapper/work/4c404a8c/result.json,mult_ppg_cpa_w4_32_sky130hd_highutil_8de86181
mult32s_normal_brentkung_wrapper,sky130hd,0.0328,50.0,0.65,6.0,66321.7009,17.1224,/workspaces/RTLGen/runs/designs/multipliers/mult32s_normal_brentkung_wrapper/work/ee6c4432/result.json,mult_ppg_cpa_w4_32_sky130hd_highutil_8c56d3b0
mult32s_normal_koggestone_wrapper,sky130hd,0.099,50.0,0.65,6.0,69032.3076,7.2993,/workspaces/RTLGen/runs/designs/multipliers/mult32s_normal_koggestone_wrapper/work/ee6c4432/result.json,mult_ppg_cpa_w4_32_sky130hd_highutil_8c56d3b0
mult32s_normal_ripple_wrapper,sky130hd,0.0257,50.0,0.65,6.0,66211.009225,23.1142,/workspaces/RTLGen/runs/designs/multipliers/mult32s_normal_ripple_wrapper/work/ee6c4432/result.json,mult_ppg_cpa_w4_32_sky130hd_highutil_8c56d3b0
mult32s_normal_sklansky_wrapper,sky130hd,0.0614,10.0,0.55,6.0,333182.9284,7.4387,/workspaces/RTLGen/runs/designs/multipliers/mult32s_normal_sklansky_wrapper/work/b1b86ede/result.json,mult_ppg_cpa_w4_32_sky130_70e18859
mult32u_booth4_brentkung_wrapper,sky130hd,0.0311,50.0,0.65,6.0,62297.664025,16.7924,/workspaces/RTLGen/runs/designs/multipliers/mult32u_booth4_brentkung_wrapper/work/ee6c4432/result.json,mult_ppg_cpa_w4_32_sky130hd_highutil_8c56d3b0
mult32u_booth4_koggestone_wrapper,sky130hd,0.0861,40.0,0.65,6.0,81093.9529,7.1209,/workspaces/RTLGen/runs/designs/multipliers/mult32u_booth4_koggestone_wrapper/work/4c404a8c/result.json,mult_ppg_cpa_w4_32_sky130hd_highutil_8de86181
mult32u_booth4_ripple_wrapper,sky130hd,0.0233,50.0,0.65,6.0,63232.1316,22.1776,/workspaces/RTLGen/runs/designs/multipliers/mult32u_booth4_ripple_wrapper/work/ee6c4432/result.json,mult_ppg_cpa_w4_32_sky130hd_highutil_8c56d3b0
mult32u_booth4_sklansky_wrapper,sky130hd,0.0604,10.0,0.55,6.0,315102.5956,7.3961,/workspaces/RTLGen/runs/designs/multipliers/mult32u_booth4_sklansky_wrapper/work/b1b86ede/result.json,mult_ppg_cpa_w4_32_sky130_70e18859
mult32u_normal_brentkung_wrapper,sky130hd,0.035,50.0,0.65,6.0,66254.76,17.2551,/workspaces/RTLGen/runs/designs/multipliers/mult32u_normal_brentkung_wrapper/work/ee6c4432/result.json,mult_ppg_cpa_w4_32_sky130hd_highutil_8c56d3b0
mult32u_normal_koggestone_wrapper,sky130hd,0.0975,50.0,0.65,6.0,69079.6089,7.5712,/workspaces/RTLGen/runs/designs/multipliers/mult32u_normal_koggestone_wrapper/work/ee6c4432/result.json,mult_ppg_cpa_w4_32_sky130hd_highutil_8c56d3b0
mult32u_normal_ripple_wrapper,sky130hd,0.0258,50.0,0.65,6.0,65715.3225,23.4017,/workspaces/RTLGen/runs/designs/multipliers/mult32u_normal_ripple_wrapper/work/ee6c4432/result.json,mult_ppg_cpa_w4_32_sky130hd_highutil_8c56d3b0
mult32u_normal_sklansky_wrapper,sky130hd,0.0585,40.0,0.65,6.0,83659.7776,7.5114,/workspaces/RTLGen/runs/designs/multipliers/mult32u_normal_sklansky_wrapper/work/4c404a8c/result.json,mult_ppg_cpa_w4_32_sky130hd_highutil_8de86181
mult4s_booth4_brentkung_wrapper,sky130hd,0.000337,40.0,0.65,6.0,2364.390625,3.9234,/workspaces/RTLGen/runs/designs/multipliers/mult4s_booth4_brentkung_wrapper/work/4c404a8c/result.json,mult_ppg_cpa_w4_32_sky130hd_highutil_8de86181
mult4s_booth4_koggestone_wrapper,sky130hd,0.000385,40.0,0.65,6.0,2573.025625,1.3983,/workspaces/RTLGen/runs/designs/multipliers/mult4s_booth4_koggestone_wrapper/work/4c404a8c/result.json,mult_ppg_cpa_w4_32_sky130hd_highutil_8de86181
mult4s_booth4_ripple_wrapper,sky130hd,0.000328,50.0,0.65,6.0,1818.1696,4.0705,/workspaces/RTLGen/runs/designs/multipliers/mult4s_booth4_ripple_wrapper/work/ee6c4432/result.json,mult_ppg_cpa_w4_32_sky130hd_highutil_8c56d3b0
mult4s_booth4_sklansky_wrapper,sky130hd,0.000377,50.0,0.65,6.0,2009.7289,1.388,/workspaces/RTLGen/runs/designs/multipliers/mult4s_booth4_sklansky_wrapper/work/ee6c4432/result.json,mult_ppg_cpa_w4_32_sky130hd_highutil_8c56d3b0
mult4s_normal_brentkung_wrapper,sky130hd,0.000328,50.0,0.65,6.0,1560.25,1.3892,/workspaces/RTLGen/runs/designs/multipliers/mult4s_normal_brentkung_wrapper/work/ee6c4432/result.json,mult_ppg_cpa_w4_32_sky130hd_highutil_8c56d3b0
mult4s_normal_koggestone_wrapper,sky130hd,0.000349,50.0,0.65,6.0,1705.277025,1.3857,/workspaces/RTLGen/runs/designs/multipliers/mult4s_normal_koggestone_wrapper/work/ee6c4432/result.json,mult_ppg_cpa_w4_32_sky130hd_highutil_8c56d3b0
mult4s_normal_ripple_wrapper,sky130hd,0.000318,50.0,0.65,6.0,1470.7225,1.3872,/workspaces/RTLGen/runs/designs/multipliers/mult4s_normal_ripple_wrapper/work/ee6c4432/result.json,mult_ppg_cpa_w4_32_sky130hd_highutil_8c56d3b0
mult4s_normal_sklansky_wrapper,sky130hd,0.000322,50.0,0.65,6.0,1628.9296,1.3853,/workspaces/RTLGen/runs/designs/multipliers/mult4s_normal_sklansky_wrapper/work/ee6c4432/result.json,mult_ppg_cpa_w4_32_sky130hd_highutil_8c56d3b0
mult4u_booth4_brentkung_wrapper,sky130hd,0.00039,40.0,0.65,6.0,2393.655625,4.2251,/workspaces/RTLGen/runs/designs/multipliers/mult4u_booth4_brentkung_wrapper/work/4c404a8c/result.json,mult_ppg_cpa_w4_32_sky130hd_highutil_8de86181
mult4u_booth4_koggestone_wrapper,sky130hd,0.000412,40.0,0.65,6.0,2488.513225,1.3814,/workspaces/RTLGen/runs/designs/multipliers/mult4u_booth4_koggestone_wrapper/work/4c404a8c/result.json,mult_ppg_cpa_w4_32_sky130hd_highutil_8de86181
mult4u_booth4_ripple_wrapper,sky130hd,0.000367,50.0,0.65,6.0,1841.697225,4.5613,/workspaces/RTLGen/runs/designs/multipliers/mult4u_booth4_ripple_wrapper/work/ee6c4432/result.json,mult_ppg_cpa_w4_32_sky130hd_highutil_8c56d3b0
mult4u_booth4_sklansky_wrapper,sky130hd,0.000391,50.0,0.65,6.0,2001.6676,1.3876,/workspaces/RTLGen/runs/designs/multipliers/mult4u_booth4_sklansky_wrapper/work/ee6c4432/result.json,mult_ppg_cpa_w4_32_sky130hd_highutil_8c56d3b0
mult4u_normal_brentkung_wrapper,sky130hd,0.000279,50.0,0.65,6.0,1491.890625,1.3946,/workspaces/RTLGen/runs/designs/multipliers/mult4u_normal_brentkung_wrapper/work/ee6c4432/result.json,mult_ppg_cpa_w4_32_sky130hd_highutil_8c56d3b0
mult4u_normal_koggestone_wrapper,sky130hd,0.00029,40.0,0.65,6.0,2083.466025,1.3842,/workspaces/RTLGen/runs/designs/multipliers/mult4u_normal_koggestone_wrapper/work/4c404a8c/result.json,mult_ppg_cpa_w4_32_sky130hd_highutil_8de86181
mult4u_normal_ripple_wrapper,sky130hd,0.000259,40.0,0.65,6.0,1788.4441,1.3901,/workspaces/RTLGen/runs/designs/multipliers/mult4u_normal_ripple_wrapper/work/4c404a8c/result.json,mult_ppg_cpa_w4_32_sky130hd_highutil_8de86181
mult4u_normal_sklansky_wrapper,sky130hd,0.000268,50.0,0.65,6.0,1594.4049,1.3785,/workspaces/RTLGen/runs/designs/multipliers/mult4u_normal_sklansky_wrapper/work/ee6c4432/result.json,mult_ppg_cpa_w4_32_sky130hd_highutil_8c56d3b0
mult8s_booth4_brentkung_wrapper,sky130hd,0.00107,40.0,0.65,6.0,6730.5616,5.8066,/workspaces/RTLGen/runs/designs/multipliers/mult8s_booth4_brentkung_wrapper/work/4c404a8c/result.json,mult_ppg_cpa_w4_32_sky130hd_highutil_8de86181
mult8s_booth4_koggestone_wrapper,sky130hd,0.00135,50.0,0.65,6.0,5959.84,4.7215,/workspaces/RTLGen/runs/designs/multipliers/mult8s_booth4_koggestone_wrapper/work/ee6c4432/result.json,mult_ppg_cpa_w4_32_sky130hd_highutil_8c56d3b0
mult8s_booth4_ripple_wrapper,sky130hd,0.00105,50.0,0.65,6.0,5425.7956,5.8435,/workspaces/RTLGen/runs/designs/multipliers/mult8s_booth4_ripple_wrapper/work/ee6c4432/result.json,mult_ppg_cpa_w4_32_sky130hd_highutil_8c56d3b0
mult8s_booth4_sklansky_wrapper,sky130hd,0.00126,50.0,0.65,6.0,5656.5441,4.7715,/workspaces/RTLGen/runs/designs/multipliers/mult8s_booth4_sklansky_wrapper/work/ee6c4432/result.json,mult_ppg_cpa_w4_32_sky130hd_highutil_8c56d3b0
mult8s_normal_brentkung_wrapper,sky130hd,0.00102,50.0,0.65,6.0,4949.1225,5.9676,/workspaces/RTLGen/runs/designs/multipliers/mult8s_normal_brentkung_wrapper/work/ee6c4432/result.json,mult_ppg_cpa_w4_32_sky130hd_highutil_8c56d3b0
mult8s_normal_koggestone_wrapper,sky130hd,0.00135,40.0,0.65,6.0,6963.9025,4.1969,/workspaces/RTLGen/runs/designs/multipliers/mult8s_normal_koggestone_wrapper/work/4c404a8c/result.json,mult_ppg_cpa_w4_32_sky130hd_highutil_8de86181
mult8s_normal_ripple_wrapper,sky130hd,0.00104,50.0,0.65,6.0,4784.4889,5.9386,/workspaces/RTLGen/runs/designs/multipliers/mult8s_normal_ripple_wrapper/work/ee6c4432/result.json,mult_ppg_cpa_w4_32_sky130hd_highutil_8c56d3b0
mult8s_normal_sklansky_wrapper,sky130hd,0.00119,40.0,0.65,6.0,6563.430225,4.3411,/workspaces/RTLGen/runs/designs/multipliers/mult8s_normal_sklansky_wrapper/work/4c404a8c/result.json,mult_ppg_cpa_w4_32_sky130hd_highutil_8de86181
mult8u_booth4_brentkung_wrapper,sky130hd,0.00128,50.0,0.65,6.0,6286.111225,6.2867,/workspaces/RTLGen/runs/designs/multipliers/mult8u_booth4_brentkung_wrapper/work/ee6c4432/result.json,mult_ppg_cpa_w4_32_sky130hd_highutil_8c56d3b0
mult8u_booth4_koggestone_wrapper,sky130hd,0.00157,40.0,0.65,6.0,8209.266025,5.1152,/workspaces/RTLGen/runs/designs/multipliers/mult8u_booth4_koggestone_wrapper/work/4c404a8c/result.json,mult_ppg_cpa_w4_32_sky130hd_highutil_8de86181
mult8u_booth4_ripple_wrapper,sky130hd,0.00116,50.0,0.65,6.0,5616.0036,6.4266,/workspaces/RTLGen/runs/designs/multipliers/mult8u_booth4_ripple_wrapper/work/ee6c4432/result.json,mult_ppg_cpa_w4_32_sky130hd_highutil_8c56d3b0
mult8u_booth4_sklansky_wrapper,sky130hd,0.00134,40.0,0.65,6.0,7675.5121,5.0754,/workspaces/RTLGen/runs/designs/multipliers/mult8u_booth4_sklansky_wrapper/work/4c404a8c/result.json,mult_ppg_cpa_w4_32_sky130hd_highutil_8de86181
mult8u_normal_brentkung_wrapper,sky130hd,0.000971,40.0,0.65,6.0,6017.880625,5.9032,/workspaces/RTLGen/runs/designs/multipliers/mult8u_normal_brentkung_wrapper/work/4c404a8c/result.json,mult_ppg_cpa_w4_32_sky130hd_highutil_8de86181
mult8u_normal_koggestone_wrapper,sky130hd,0.00118,50.0,0.65,6.0,5242.484025,4.2709,/workspaces/RTLGen/runs/designs/multipliers/mult8u_normal_koggestone_wrapper/work/ee6c4432/result.json,mult_ppg_cpa_w4_32_sky130hd_highutil_8c56d3b0
mult8u_normal_ripple_wrapper,sky130hd,0.000931,40.0,0.65,6.0,5760.81,6.0235,/workspaces/RTLGen/runs/designs/multipliers/mult8u_normal_ripple_wrapper/work/4c404a8c/result.json,mult_ppg_cpa_w4_32_sky130hd_highutil_8de86181
mult8u_normal_sklansky_wrapper,sky130hd,0.00109,50.0,0.65,6.0,5248.278025,4.1368,/workspaces/RTLGen/runs/designs/multipliers/mult8u_normal_sklansky_wrapper/work/ee6c4432/result.json,mult_ppg_cpa_w4_32_sky130hd_highutil_8c56d3b0
