design,platform,critical_path_ns,core_util,place_density,clock_period,die_area,total_power_mw,result_path,tag
mult16s_booth4_brentkung_wrapper,asap7,0.9799915,50.0,0.68,1.0,304.991296,0.267," ""CORE_UTILIZATION"": 50, ""PLACE_DENSITY"": 0.68, ""TAG"": ""mult_ppg_cpa_w4_32_asap7_highutil_75828b8c""},/workspaces/RTLGen/runs/designs/multipliers/mult16s_booth4_brentkung_wrapper/work/c7de4936/result.json",mult_ppg_cpa_w4_32_asap7_highutil_75828b8c
mult16s_booth4_koggestone_wrapper,asap7,0.650959,60.0,0.68,1.0,285.136996,0.298," ""CORE_UTILIZATION"": 60, ""PLACE_DENSITY"": 0.68, ""TAG"": ""mult_ppg_cpa_w4_32_asap7_highutil_c51f6982""},/workspaces/RTLGen/runs/designs/multipliers/mult16s_booth4_koggestone_wrapper/work/a3bdd812/result.json",mult_ppg_cpa_w4_32_asap7_highutil_c51f6982
mult16s_booth4_ripple_wrapper,asap7,1.1158534999999998,60.0,0.68,1.0,257.6025,0.257," ""CORE_UTILIZATION"": 60, ""PLACE_DENSITY"": 0.68, ""TAG"": ""mult_ppg_cpa_w4_32_asap7_highutil_c51f6982""},/workspaces/RTLGen/runs/designs/multipliers/mult16s_booth4_ripple_wrapper/work/a3bdd812/result.json",mult_ppg_cpa_w4_32_asap7_highutil_c51f6982
mult16s_booth4_sklansky_wrapper,asap7,0.6531371,50.0,0.68,1.0,322.058916,0.265," ""CORE_UTILIZATION"": 50, ""PLACE_DENSITY"": 0.68, ""TAG"": ""mult_ppg_cpa_w4_32_asap7_highutil_75828b8c""},/workspaces/RTLGen/runs/designs/multipliers/mult16s_booth4_sklansky_wrapper/work/c7de4936/result.json",mult_ppg_cpa_w4_32_asap7_highutil_75828b8c
mult16s_normal_brentkung_wrapper,asap7,1.0064623,60.0,0.68,1.0,238.826116,0.256," ""CORE_UTILIZATION"": 60, ""PLACE_DENSITY"": 0.68, ""TAG"": ""mult_ppg_cpa_w4_32_asap7_highutil_c51f6982""},/workspaces/RTLGen/runs/designs/multipliers/mult16s_normal_brentkung_wrapper/work/a3bdd812/result.json",mult_ppg_cpa_w4_32_asap7_highutil_c51f6982
mult16s_normal_koggestone_wrapper,asap7,0.6450933999999999,50.0,0.68,1.0,313.325401,0.28," ""CORE_UTILIZATION"": 50, ""PLACE_DENSITY"": 0.68, ""TAG"": ""mult_ppg_cpa_w4_32_asap7_highutil_75828b8c""},/workspaces/RTLGen/runs/designs/multipliers/mult16s_normal_koggestone_wrapper/work/c7de4936/result.json",mult_ppg_cpa_w4_32_asap7_highutil_75828b8c
mult16s_normal_ripple_wrapper,asap7,1.1338507,50.0,0.68,1.0,292.888996,0.252," ""CORE_UTILIZATION"": 50, ""PLACE_DENSITY"": 0.68, ""TAG"": ""mult_ppg_cpa_w4_32_asap7_highutil_75828b8c""},/workspaces/RTLGen/runs/designs/multipliers/mult16s_normal_ripple_wrapper/work/c7de4936/result.json",mult_ppg_cpa_w4_32_asap7_highutil_75828b8c
mult16s_normal_sklansky_wrapper,asap7,0.6521264,50.0,0.68,1.0,293.951025,0.257," ""CORE_UTILIZATION"": 50, ""PLACE_DENSITY"": 0.68, ""TAG"": ""mult_ppg_cpa_w4_32_asap7_highutil_75828b8c""},/workspaces/RTLGen/runs/designs/multipliers/mult16s_normal_sklansky_wrapper/work/c7de4936/result.json",mult_ppg_cpa_w4_32_asap7_highutil_75828b8c
mult16u_booth4_brentkung_wrapper,asap7,1.1045796,50.0,0.68,1.0,320.266816,0.283," ""CORE_UTILIZATION"": 50, ""PLACE_DENSITY"": 0.68, ""TAG"": ""mult_ppg_cpa_w4_32_asap7_highutil_75828b8c""},/workspaces/RTLGen/runs/designs/multipliers/mult16u_booth4_brentkung_wrapper/work/c7de4936/result.json",mult_ppg_cpa_w4_32_asap7_highutil_75828b8c
mult16u_booth4_koggestone_wrapper,asap7,0.6604169000000001,50.0,0.68,1.0,343.212676,0.288," ""CORE_UTILIZATION"": 50, ""PLACE_DENSITY"": 0.68, ""TAG"": ""mult_ppg_cpa_w4_32_asap7_highutil_75828b8c""},/workspaces/RTLGen/runs/designs/multipliers/mult16u_booth4_koggestone_wrapper/work/c7de4936/result.json",mult_ppg_cpa_w4_32_asap7_highutil_75828b8c
mult16u_booth4_ripple_wrapper,asap7,1.2390787,60.0,0.68,1.0,249.355681,0.252," ""CORE_UTILIZATION"": 60, ""PLACE_DENSITY"": 0.68, ""TAG"": ""mult_ppg_cpa_w4_32_asap7_highutil_c51f6982""},/workspaces/RTLGen/runs/designs/multipliers/mult16u_booth4_ripple_wrapper/work/a3bdd812/result.json",mult_ppg_cpa_w4_32_asap7_highutil_c51f6982
mult16u_booth4_sklansky_wrapper,asap7,0.6347267000000001,60.0,0.68,1.0,285.711409,0.293," ""CORE_UTILIZATION"": 60, ""PLACE_DENSITY"": 0.68, ""TAG"": ""mult_ppg_cpa_w4_32_asap7_highutil_c51f6982""},/workspaces/RTLGen/runs/designs/multipliers/mult16u_booth4_sklansky_wrapper/work/a3bdd812/result.json",mult_ppg_cpa_w4_32_asap7_highutil_c51f6982
mult16u_normal_brentkung_wrapper,asap7,1.0214325,60.0,0.68,1.0,238.949764,0.243," ""CORE_UTILIZATION"": 60, ""PLACE_DENSITY"": 0.68, ""TAG"": ""mult_ppg_cpa_w4_32_asap7_highutil_c51f6982""},/workspaces/RTLGen/runs/designs/multipliers/mult16u_normal_brentkung_wrapper/work/a3bdd812/result.json",mult_ppg_cpa_w4_32_asap7_highutil_c51f6982
mult16u_normal_koggestone_wrapper,asap7,0.6720553,50.0,0.68,1.0,305.585361,0.25," ""CORE_UTILIZATION"": 50, ""PLACE_DENSITY"": 0.68, ""TAG"": ""mult_ppg_cpa_w4_32_asap7_highutil_75828b8c""},/workspaces/RTLGen/runs/designs/multipliers/mult16u_normal_koggestone_wrapper/work/c7de4936/result.json",mult_ppg_cpa_w4_32_asap7_highutil_75828b8c
mult16u_normal_ripple_wrapper,asap7,1.1517883,50.0,0.68,1.0,280.395025,0.241," ""CORE_UTILIZATION"": 50, ""PLACE_DENSITY"": 0.68, ""TAG"": ""mult_ppg_cpa_w4_32_asap7_highutil_75828b8c""},/workspaces/RTLGen/runs/designs/multipliers/mult16u_normal_ripple_wrapper/work/c7de4936/result.json",mult_ppg_cpa_w4_32_asap7_highutil_75828b8c
mult16u_normal_sklansky_wrapper,asap7,0.6589856,60.0,0.68,1.0,249.387264,0.262," ""CORE_UTILIZATION"": 60, ""PLACE_DENSITY"": 0.68, ""TAG"": ""mult_ppg_cpa_w4_32_asap7_highutil_c51f6982""},/workspaces/RTLGen/runs/designs/multipliers/mult16u_normal_sklansky_wrapper/work/a3bdd812/result.json",mult_ppg_cpa_w4_32_asap7_highutil_c51f6982
mult32s_booth4_brentkung_wrapper,asap7,1.7047867,50.0,0.68,1.0,965.842084,0.752," ""CORE_UTILIZATION"": 50, ""PLACE_DENSITY"": 0.68, ""TAG"": ""mult_ppg_cpa_w4_32_asap7_highutil_75828b8c""},/workspaces/RTLGen/runs/designs/multipliers/mult32s_booth4_brentkung_wrapper/work/c7de4936/result.json",mult_ppg_cpa_w4_32_asap7_highutil_75828b8c
mult32s_booth4_koggestone_wrapper,asap7,0.8729383000000001,50.0,0.68,1.0,1031.501689,0.835," ""CORE_UTILIZATION"": 50, ""PLACE_DENSITY"": 0.68, ""TAG"": ""mult_ppg_cpa_w4_32_asap7_highutil_75828b8c""},/workspaces/RTLGen/runs/designs/multipliers/mult32s_booth4_koggestone_wrapper/work/c7de4936/result.json",mult_ppg_cpa_w4_32_asap7_highutil_75828b8c
mult32s_booth4_ripple_wrapper,asap7,2.1659821999999997,50.0,0.68,1.0,976.062564,0.682," ""CORE_UTILIZATION"": 50, ""PLACE_DENSITY"": 0.68, ""TAG"": ""mult_ppg_cpa_w4_32_asap7_highutil_75828b8c""},/workspaces/RTLGen/runs/designs/multipliers/mult32s_booth4_ripple_wrapper/work/c7de4936/result.json",mult_ppg_cpa_w4_32_asap7_highutil_75828b8c
mult32s_booth4_sklansky_wrapper,asap7,0.8778182,50.0,0.68,1.0,995.718025,0.786," ""CORE_UTILIZATION"": 50, ""PLACE_DENSITY"": 0.68, ""TAG"": ""mult_ppg_cpa_w4_32_asap7_highutil_75828b8c""},/workspaces/RTLGen/runs/designs/multipliers/mult32s_booth4_sklansky_wrapper/work/c7de4936/result.json",mult_ppg_cpa_w4_32_asap7_highutil_75828b8c
mult32s_normal_brentkung_wrapper,asap7,1.745687,50.0,0.68,1.0,909.082801,0.722," ""CORE_UTILIZATION"": 50, ""PLACE_DENSITY"": 0.68, ""TAG"": ""mult_ppg_cpa_w4_32_asap7_highutil_75828b8c""},/workspaces/RTLGen/runs/designs/multipliers/mult32s_normal_brentkung_wrapper/work/c7de4936/result.json",mult_ppg_cpa_w4_32_asap7_highutil_75828b8c
mult32s_normal_koggestone_wrapper,asap7,0.8810175,60.0,0.68,1.0,818.760996,0.802," ""CORE_UTILIZATION"": 60, ""PLACE_DENSITY"": 0.68, ""TAG"": ""mult_ppg_cpa_w4_32_asap7_highutil_c51f6982""},/workspaces/RTLGen/runs/designs/multipliers/mult32s_normal_koggestone_wrapper/work/a3bdd812/result.json",mult_ppg_cpa_w4_32_asap7_highutil_c51f6982
mult32s_normal_ripple_wrapper,asap7,2.2039436,50.0,0.68,1.0,905.769216,0.656," ""CORE_UTILIZATION"": 50, ""PLACE_DENSITY"": 0.68, ""TAG"": ""mult_ppg_cpa_w4_32_asap7_highutil_75828b8c""},/workspaces/RTLGen/runs/designs/multipliers/mult32s_normal_ripple_wrapper/work/c7de4936/result.json",mult_ppg_cpa_w4_32_asap7_highutil_75828b8c
mult32s_normal_sklansky_wrapper,asap7,0.8687401,50.0,0.68,1.0,936.666025,0.749," ""CORE_UTILIZATION"": 50, ""PLACE_DENSITY"": 0.68, ""TAG"": ""mult_ppg_cpa_w4_32_asap7_highutil_75828b8c""},/workspaces/RTLGen/runs/designs/multipliers/mult32s_normal_sklansky_wrapper/work/c7de4936/result.json",mult_ppg_cpa_w4_32_asap7_highutil_75828b8c
mult32u_booth4_brentkung_wrapper,asap7,1.7913085000000002,50.0,0.68,1.0,991.494144,0.79," ""CORE_UTILIZATION"": 50, ""PLACE_DENSITY"": 0.68, ""TAG"": ""mult_ppg_cpa_w4_32_asap7_highutil_75828b8c""},/workspaces/RTLGen/runs/designs/multipliers/mult32u_booth4_brentkung_wrapper/work/c7de4936/result.json",mult_ppg_cpa_w4_32_asap7_highutil_75828b8c
mult32u_booth4_koggestone_wrapper,asap7,0.8905637000000001,60.0,0.68,1.0,897.661521,0.859," ""CORE_UTILIZATION"": 60, ""PLACE_DENSITY"": 0.68, ""TAG"": ""mult_ppg_cpa_w4_32_asap7_highutil_c51f6982""},/workspaces/RTLGen/runs/designs/multipliers/mult32u_booth4_koggestone_wrapper/work/a3bdd812/result.json",mult_ppg_cpa_w4_32_asap7_highutil_c51f6982
mult32u_booth4_ripple_wrapper,asap7,2.2707979,60.0,0.68,1.0,740.275264,0.677," ""CORE_UTILIZATION"": 60, ""PLACE_DENSITY"": 0.68, ""TAG"": ""mult_ppg_cpa_w4_32_asap7_highutil_c51f6982""},/workspaces/RTLGen/runs/designs/multipliers/mult32u_booth4_ripple_wrapper/work/a3bdd812/result.json",mult_ppg_cpa_w4_32_asap7_highutil_c51f6982
mult32u_booth4_sklansky_wrapper,asap7,0.8919796999999999,60.0,0.68,1.0,862.361956,0.783," ""CORE_UTILIZATION"": 60, ""PLACE_DENSITY"": 0.68, ""TAG"": ""mult_ppg_cpa_w4_32_asap7_highutil_c51f6982""},/workspaces/RTLGen/runs/designs/multipliers/mult32u_booth4_sklansky_wrapper/work/a3bdd812/result.json",mult_ppg_cpa_w4_32_asap7_highutil_c51f6982
mult32u_normal_brentkung_wrapper,asap7,1.7507454,50.0,0.68,1.0,908.479881,0.715," ""CORE_UTILIZATION"": 50, ""PLACE_DENSITY"": 0.68, ""TAG"": ""mult_ppg_cpa_w4_32_asap7_highutil_75828b8c""},/workspaces/RTLGen/runs/designs/multipliers/mult32u_normal_brentkung_wrapper/work/c7de4936/result.json",mult_ppg_cpa_w4_32_asap7_highutil_75828b8c
mult32u_normal_koggestone_wrapper,asap7,0.9026431,50.0,0.68,1.0,969.948736,0.786," ""CORE_UTILIZATION"": 50, ""PLACE_DENSITY"": 0.68, ""TAG"": ""mult_ppg_cpa_w4_32_asap7_highutil_75828b8c""},/workspaces/RTLGen/runs/designs/multipliers/mult32u_normal_koggestone_wrapper/work/c7de4936/result.json",mult_ppg_cpa_w4_32_asap7_highutil_75828b8c
mult32u_normal_ripple_wrapper,asap7,2.2102646,60.0,0.68,1.0,757.790784,0.681," ""CORE_UTILIZATION"": 60, ""PLACE_DENSITY"": 0.68, ""TAG"": ""mult_ppg_cpa_w4_32_asap7_highutil_c51f6982""},/workspaces/RTLGen/runs/designs/multipliers/mult32u_normal_ripple_wrapper/work/a3bdd812/result.json",mult_ppg_cpa_w4_32_asap7_highutil_c51f6982
mult32u_normal_sklansky_wrapper,asap7,0.8611966999999999,50.0,0.68,1.0,939.054736,0.77," ""CORE_UTILIZATION"": 50, ""PLACE_DENSITY"": 0.68, ""TAG"": ""mult_ppg_cpa_w4_32_asap7_highutil_75828b8c""},/workspaces/RTLGen/runs/designs/multipliers/mult32u_normal_sklansky_wrapper/work/c7de4936/result.json",mult_ppg_cpa_w4_32_asap7_highutil_75828b8c
mult4s_booth4_brentkung_wrapper,asap7,0.376515,50.0,0.68,1.0,50.566321,0.0433," ""CORE_UTILIZATION"": 50, ""PLACE_DENSITY"": 0.68, ""TAG"": ""mult_ppg_cpa_w4_32_asap7_highutil_75828b8c""},/workspaces/RTLGen/runs/designs/multipliers/mult4s_booth4_brentkung_wrapper/work/c7de4936/result.json",mult_ppg_cpa_w4_32_asap7_highutil_75828b8c
mult4s_booth4_koggestone_wrapper,asap7,0.3398541,50.0,0.68,1.0,54.789604,0.0487," ""CORE_UTILIZATION"": 50, ""PLACE_DENSITY"": 0.68, ""TAG"": ""mult_ppg_cpa_w4_32_asap7_highutil_75828b8c""},/workspaces/RTLGen/runs/designs/multipliers/mult4s_booth4_koggestone_wrapper/work/c7de4936/result.json",mult_ppg_cpa_w4_32_asap7_highutil_75828b8c
mult4s_booth4_ripple_wrapper,asap7,0.3666637,50.0,0.68,1.0,48.692484,0.0447," ""CORE_UTILIZATION"": 50, ""PLACE_DENSITY"": 0.68, ""TAG"": ""mult_ppg_cpa_w4_32_asap7_highutil_75828b8c""},/workspaces/RTLGen/runs/designs/multipliers/mult4s_booth4_ripple_wrapper/work/c7de4936/result.json",mult_ppg_cpa_w4_32_asap7_highutil_75828b8c
mult4s_booth4_sklansky_wrapper,asap7,0.3324187,50.0,0.68,1.0,52.823824,0.0454," ""CORE_UTILIZATION"": 50, ""PLACE_DENSITY"": 0.68, ""TAG"": ""mult_ppg_cpa_w4_32_asap7_highutil_75828b8c""},/workspaces/RTLGen/runs/designs/multipliers/mult4s_booth4_sklansky_wrapper/work/c7de4936/result.json",mult_ppg_cpa_w4_32_asap7_highutil_75828b8c
mult4s_normal_brentkung_wrapper,asap7,0.3424164,50.0,0.68,1.0,41.422096,0.0434," ""CORE_UTILIZATION"": 50, ""PLACE_DENSITY"": 0.68, ""TAG"": ""mult_ppg_cpa_w4_32_asap7_highutil_75828b8c""},/workspaces/RTLGen/runs/designs/multipliers/mult4s_normal_brentkung_wrapper/work/c7de4936/result.json",mult_ppg_cpa_w4_32_asap7_highutil_75828b8c
mult4s_normal_koggestone_wrapper,asap7,0.31627710000000003,60.0,0.68,1.0,38.6884,0.0446," ""CORE_UTILIZATION"": 60, ""PLACE_DENSITY"": 0.68, ""TAG"": ""mult_ppg_cpa_w4_32_asap7_highutil_c51f6982""},/workspaces/RTLGen/runs/designs/multipliers/mult4s_normal_koggestone_wrapper/work/a3bdd812/result.json",mult_ppg_cpa_w4_32_asap7_highutil_c51f6982
mult4s_normal_ripple_wrapper,asap7,0.3407655,50.0,0.68,1.0,41.254929,0.0424," ""CORE_UTILIZATION"": 50, ""PLACE_DENSITY"": 0.68, ""TAG"": ""mult_ppg_cpa_w4_32_asap7_highutil_75828b8c""},/workspaces/RTLGen/runs/designs/multipliers/mult4s_normal_ripple_wrapper/work/c7de4936/result.json",mult_ppg_cpa_w4_32_asap7_highutil_75828b8c
mult4s_normal_sklansky_wrapper,asap7,0.3163317,50.0,0.68,1.0,42.094144,0.041," ""CORE_UTILIZATION"": 50, ""PLACE_DENSITY"": 0.68, ""TAG"": ""mult_ppg_cpa_w4_32_asap7_highutil_75828b8c""},/workspaces/RTLGen/runs/designs/multipliers/mult4s_normal_sklansky_wrapper/work/c7de4936/result.json",mult_ppg_cpa_w4_32_asap7_highutil_75828b8c
mult4u_booth4_brentkung_wrapper,asap7,0.41113010000000005,60.0,0.68,1.0,45.468049,0.0476," ""CORE_UTILIZATION"": 60, ""PLACE_DENSITY"": 0.68, ""TAG"": ""mult_ppg_cpa_w4_32_asap7_highutil_c51f6982""},/workspaces/RTLGen/runs/designs/multipliers/mult4u_booth4_brentkung_wrapper/work/a3bdd812/result.json",mult_ppg_cpa_w4_32_asap7_highutil_c51f6982
mult4u_booth4_koggestone_wrapper,asap7,0.3338333,60.0,0.68,1.0,49.1401,0.0507," ""CORE_UTILIZATION"": 60, ""PLACE_DENSITY"": 0.68, ""TAG"": ""mult_ppg_cpa_w4_32_asap7_highutil_c51f6982""},/workspaces/RTLGen/runs/designs/multipliers/mult4u_booth4_koggestone_wrapper/work/a3bdd812/result.json",mult_ppg_cpa_w4_32_asap7_highutil_c51f6982
mult4u_booth4_ripple_wrapper,asap7,0.4062448,60.0,0.68,1.0,44.849809,0.0465," ""CORE_UTILIZATION"": 60, ""PLACE_DENSITY"": 0.68, ""TAG"": ""mult_ppg_cpa_w4_32_asap7_highutil_c51f6982""},/workspaces/RTLGen/runs/designs/multipliers/mult4u_booth4_ripple_wrapper/work/a3bdd812/result.json",mult_ppg_cpa_w4_32_asap7_highutil_c51f6982
mult4u_booth4_sklansky_wrapper,asap7,0.3065591,50.0,0.68,1.0,54.066609,0.0456," ""CORE_UTILIZATION"": 50, ""PLACE_DENSITY"": 0.68, ""TAG"": ""mult_ppg_cpa_w4_32_asap7_highutil_75828b8c""},/workspaces/RTLGen/runs/designs/multipliers/mult4u_booth4_sklansky_wrapper/work/c7de4936/result.json",mult_ppg_cpa_w4_32_asap7_highutil_75828b8c
mult4u_normal_brentkung_wrapper,asap7,0.2913962,60.0,0.68,1.0,36.192256,0.0394," ""CORE_UTILIZATION"": 60, ""PLACE_DENSITY"": 0.68, ""TAG"": ""mult_ppg_cpa_w4_32_asap7_highutil_c51f6982""},/workspaces/RTLGen/runs/designs/multipliers/mult4u_normal_brentkung_wrapper/work/a3bdd812/result.json",mult_ppg_cpa_w4_32_asap7_highutil_c51f6982
mult4u_normal_koggestone_wrapper,asap7,0.2900793,60.0,0.68,1.0,38.539264,0.0446," ""CORE_UTILIZATION"": 60, ""PLACE_DENSITY"": 0.68, ""TAG"": ""mult_ppg_cpa_w4_32_asap7_highutil_c51f6982""},/workspaces/RTLGen/runs/designs/multipliers/mult4u_normal_koggestone_wrapper/work/a3bdd812/result.json",mult_ppg_cpa_w4_32_asap7_highutil_c51f6982
mult4u_normal_ripple_wrapper,asap7,0.32184480000000004,60.0,0.68,1.0,35.940025,0.042," ""CORE_UTILIZATION"": 60, ""PLACE_DENSITY"": 0.68, ""TAG"": ""mult_ppg_cpa_w4_32_asap7_highutil_c51f6982""},/workspaces/RTLGen/runs/designs/multipliers/mult4u_normal_ripple_wrapper/work/a3bdd812/result.json",mult_ppg_cpa_w4_32_asap7_highutil_c51f6982
mult4u_normal_sklansky_wrapper,asap7,0.30568239999999997,50.0,0.68,1.0,41.886784,0.0431," ""CORE_UTILIZATION"": 50, ""PLACE_DENSITY"": 0.68, ""TAG"": ""mult_ppg_cpa_w4_32_asap7_highutil_75828b8c""},/workspaces/RTLGen/runs/designs/multipliers/mult4u_normal_sklansky_wrapper/work/c7de4936/result.json",mult_ppg_cpa_w4_32_asap7_highutil_75828b8c
mult8s_booth4_brentkung_wrapper,asap7,0.615815,50.0,0.68,1.0,115.1329,0.123," ""CORE_UTILIZATION"": 50, ""PLACE_DENSITY"": 0.68, ""TAG"": ""mult_ppg_cpa_w4_32_asap7_highutil_75828b8c""},/workspaces/RTLGen/runs/designs/multipliers/mult8s_booth4_brentkung_wrapper/work/c7de4936/result.json",mult_ppg_cpa_w4_32_asap7_highutil_75828b8c
mult8s_booth4_koggestone_wrapper,asap7,0.4765508,50.0,0.68,1.0,130.051216,0.112," ""CORE_UTILIZATION"": 50, ""PLACE_DENSITY"": 0.68, ""TAG"": ""mult_ppg_cpa_w4_32_asap7_highutil_75828b8c""},/workspaces/RTLGen/runs/designs/multipliers/mult8s_booth4_koggestone_wrapper/work/c7de4936/result.json",mult_ppg_cpa_w4_32_asap7_highutil_75828b8c
mult8s_booth4_ripple_wrapper,asap7,0.6168932,50.0,0.68,1.0,111.830625,0.1," ""CORE_UTILIZATION"": 50, ""PLACE_DENSITY"": 0.68, ""TAG"": ""mult_ppg_cpa_w4_32_asap7_highutil_75828b8c""},/workspaces/RTLGen/runs/designs/multipliers/mult8s_booth4_ripple_wrapper/work/c7de4936/result.json",mult_ppg_cpa_w4_32_asap7_highutil_75828b8c
mult8s_booth4_sklansky_wrapper,asap7,0.4667689,50.0,0.68,1.0,121.925764,0.121," ""CORE_UTILIZATION"": 50, ""PLACE_DENSITY"": 0.68, ""TAG"": ""mult_ppg_cpa_w4_32_asap7_highutil_75828b8c""},/workspaces/RTLGen/runs/designs/multipliers/mult8s_booth4_sklansky_wrapper/work/c7de4936/result.json",mult_ppg_cpa_w4_32_asap7_highutil_75828b8c
mult8s_normal_brentkung_wrapper,asap7,0.6112664,50.0,0.68,1.0,100.140049,0.111," ""CORE_UTILIZATION"": 50, ""PLACE_DENSITY"": 0.68, ""TAG"": ""mult_ppg_cpa_w4_32_asap7_highutil_75828b8c""},/workspaces/RTLGen/runs/designs/multipliers/mult8s_normal_brentkung_wrapper/work/c7de4936/result.json",mult_ppg_cpa_w4_32_asap7_highutil_75828b8c
mult8s_normal_koggestone_wrapper,asap7,0.4947813,50.0,0.68,1.0,113.316025,0.112," ""CORE_UTILIZATION"": 50, ""PLACE_DENSITY"": 0.68, ""TAG"": ""mult_ppg_cpa_w4_32_asap7_highutil_75828b8c""},/workspaces/RTLGen/runs/designs/multipliers/mult8s_normal_koggestone_wrapper/work/c7de4936/result.json",mult_ppg_cpa_w4_32_asap7_highutil_75828b8c
mult8s_normal_ripple_wrapper,asap7,0.6076206,60.0,0.68,1.0,88.7364,0.118," ""CORE_UTILIZATION"": 60, ""PLACE_DENSITY"": 0.68, ""TAG"": ""mult_ppg_cpa_w4_32_asap7_highutil_c51f6982""},/workspaces/RTLGen/runs/designs/multipliers/mult8s_normal_ripple_wrapper/work/a3bdd812/result.json",mult_ppg_cpa_w4_32_asap7_highutil_c51f6982
mult8s_normal_sklansky_wrapper,asap7,0.4851742,60.0,0.68,1.0,93.161104,0.0983," ""CORE_UTILIZATION"": 60, ""PLACE_DENSITY"": 0.68, ""TAG"": ""mult_ppg_cpa_w4_32_asap7_highutil_c51f6982""},/workspaces/RTLGen/runs/designs/multipliers/mult8s_normal_sklansky_wrapper/work/a3bdd812/result.json",mult_ppg_cpa_w4_32_asap7_highutil_c51f6982
mult8u_booth4_brentkung_wrapper,asap7,0.7230787000000001,50.0,0.68,1.0,119.639844,0.13," ""CORE_UTILIZATION"": 50, ""PLACE_DENSITY"": 0.68, ""TAG"": ""mult_ppg_cpa_w4_32_asap7_highutil_75828b8c""},/workspaces/RTLGen/runs/designs/multipliers/mult8u_booth4_brentkung_wrapper/work/c7de4936/result.json",mult_ppg_cpa_w4_32_asap7_highutil_75828b8c
mult8u_booth4_koggestone_wrapper,asap7,0.5313857000000001,50.0,0.68,1.0,126.765081,0.113," ""CORE_UTILIZATION"": 50, ""PLACE_DENSITY"": 0.68, ""TAG"": ""mult_ppg_cpa_w4_32_asap7_highutil_75828b8c""},/workspaces/RTLGen/runs/designs/multipliers/mult8u_booth4_koggestone_wrapper/work/c7de4936/result.json",mult_ppg_cpa_w4_32_asap7_highutil_75828b8c
mult8u_booth4_ripple_wrapper,asap7,0.6891868,50.0,0.68,1.0,113.806224,0.105," ""CORE_UTILIZATION"": 50, ""PLACE_DENSITY"": 0.68, ""TAG"": ""mult_ppg_cpa_w4_32_asap7_highutil_75828b8c""},/workspaces/RTLGen/runs/designs/multipliers/mult8u_booth4_ripple_wrapper/work/c7de4936/result.json",mult_ppg_cpa_w4_32_asap7_highutil_75828b8c
mult8u_booth4_sklansky_wrapper,asap7,0.5154572,50.0,0.68,1.0,125.798656,0.109," ""CORE_UTILIZATION"": 50, ""PLACE_DENSITY"": 0.68, ""TAG"": ""mult_ppg_cpa_w4_32_asap7_highutil_75828b8c""},/workspaces/RTLGen/runs/designs/multipliers/mult8u_booth4_sklansky_wrapper/work/c7de4936/result.json",mult_ppg_cpa_w4_32_asap7_highutil_75828b8c
mult8u_normal_brentkung_wrapper,asap7,0.595315,60.0,0.68,1.0,87.216921,0.109," ""CORE_UTILIZATION"": 60, ""PLACE_DENSITY"": 0.68, ""TAG"": ""mult_ppg_cpa_w4_32_asap7_highutil_c51f6982""},/workspaces/RTLGen/runs/designs/multipliers/mult8u_normal_brentkung_wrapper/work/a3bdd812/result.json",mult_ppg_cpa_w4_32_asap7_highutil_c51f6982
mult8u_normal_koggestone_wrapper,asap7,0.49343380000000003,50.0,0.68,1.0,109.851361,0.0997," ""CORE_UTILIZATION"": 50, ""PLACE_DENSITY"": 0.68, ""TAG"": ""mult_ppg_cpa_w4_32_asap7_highutil_75828b8c""},/workspaces/RTLGen/runs/designs/multipliers/mult8u_normal_koggestone_wrapper/work/c7de4936/result.json",mult_ppg_cpa_w4_32_asap7_highutil_75828b8c
mult8u_normal_ripple_wrapper,asap7,0.5916427999999999,50.0,0.68,1.0,104.898564,0.118," ""CORE_UTILIZATION"": 50, ""PLACE_DENSITY"": 0.68, ""TAG"": ""mult_ppg_cpa_w4_32_asap7_highutil_75828b8c""},/workspaces/RTLGen/runs/designs/multipliers/mult8u_normal_ripple_wrapper/work/c7de4936/result.json",mult_ppg_cpa_w4_32_asap7_highutil_75828b8c
mult8u_normal_sklansky_wrapper,asap7,0.4743977,60.0,0.68,1.0,93.993025,0.102," ""CORE_UTILIZATION"": 60, ""PLACE_DENSITY"": 0.68, ""TAG"": ""mult_ppg_cpa_w4_32_asap7_highutil_c51f6982""},/workspaces/RTLGen/runs/designs/multipliers/mult8u_normal_sklansky_wrapper/work/a3bdd812/result.json",mult_ppg_cpa_w4_32_asap7_highutil_c51f6982
mult16s_booth4_brentkung_wrapper,nangate45,0.1963,60.0,0.68,2.5,3071.3764,0.00211," ""CORE_UTILIZATION"": 60, ""PLACE_DENSITY"": 0.68, ""TAG"": ""mult_ppg_cpa_w4_32_nangate45_highutil_da64be35""},/workspaces/RTLGen/runs/designs/multipliers/mult16s_booth4_brentkung_wrapper/work/84032167/result.json",mult_ppg_cpa_w4_32_nangate45_highutil_da64be35
mult16s_booth4_koggestone_wrapper,nangate45,0.1939,60.0,0.68,2.5,3312.0025,0.00321," ""CORE_UTILIZATION"": 60, ""PLACE_DENSITY"": 0.68, ""TAG"": ""mult_ppg_cpa_w4_32_nangate45_highutil_da64be35""},/workspaces/RTLGen/runs/designs/multipliers/mult16s_booth4_koggestone_wrapper/work/84032167/result.json",mult_ppg_cpa_w4_32_nangate45_highutil_da64be35
mult16s_booth4_ripple_wrapper,nangate45,2.4768,50.0,0.68,2.5,3850.823025,0.00191," ""CORE_UTILIZATION"": 50, ""PLACE_DENSITY"": 0.68, ""TAG"": ""mult_ppg_cpa_w4_32_nangate45_highutil_87b48795""},/workspaces/RTLGen/runs/designs/multipliers/mult16s_booth4_ripple_wrapper/work/39ca4667/result.json",mult_ppg_cpa_w4_32_nangate45_highutil_87b48795
mult16s_booth4_sklansky_wrapper,nangate45,0.1971,50.0,0.68,2.5,3752.175025,0.00271," ""CORE_UTILIZATION"": 50, ""PLACE_DENSITY"": 0.68, ""TAG"": ""mult_ppg_cpa_w4_32_nangate45_highutil_87b48795""},/workspaces/RTLGen/runs/designs/multipliers/mult16s_booth4_sklansky_wrapper/work/39ca4667/result.json",mult_ppg_cpa_w4_32_nangate45_highutil_87b48795
mult16s_normal_brentkung_wrapper,nangate45,2.2587,50.0,0.68,2.5,3785.9409,0.0024," ""CORE_UTILIZATION"": 50, ""PLACE_DENSITY"": 0.68, ""TAG"": ""mult_ppg_cpa_w4_32_nangate45_highutil_87b48795""},/workspaces/RTLGen/runs/designs/multipliers/mult16s_normal_brentkung_wrapper/work/39ca4667/result.json",mult_ppg_cpa_w4_32_nangate45_highutil_87b48795
mult16s_normal_koggestone_wrapper,nangate45,0.1954,60.0,0.68,2.5,3519.455625,0.00417," ""CORE_UTILIZATION"": 60, ""PLACE_DENSITY"": 0.68, ""TAG"": ""mult_ppg_cpa_w4_32_nangate45_highutil_da64be35""},/workspaces/RTLGen/runs/designs/multipliers/mult16s_normal_koggestone_wrapper/work/84032167/result.json",mult_ppg_cpa_w4_32_nangate45_highutil_da64be35
mult16s_normal_ripple_wrapper,nangate45,2.5346,60.0,0.68,2.5,3262.6944,0.00214," ""CORE_UTILIZATION"": 60, ""PLACE_DENSITY"": 0.68, ""TAG"": ""mult_ppg_cpa_w4_32_nangate45_highutil_da64be35""},/workspaces/RTLGen/runs/designs/multipliers/mult16s_normal_ripple_wrapper/work/84032167/result.json",mult_ppg_cpa_w4_32_nangate45_highutil_da64be35
mult16s_normal_sklansky_wrapper,nangate45,0.2004,60.0,0.68,2.5,3286.155625,0.00313," ""CORE_UTILIZATION"": 60, ""PLACE_DENSITY"": 0.68, ""TAG"": ""mult_ppg_cpa_w4_32_nangate45_highutil_da64be35""},/workspaces/RTLGen/runs/designs/multipliers/mult16s_normal_sklansky_wrapper/work/84032167/result.json",mult_ppg_cpa_w4_32_nangate45_highutil_da64be35
mult16u_booth4_brentkung_wrapper,nangate45,2.3962,50.0,0.68,2.5,3918.76,0.00243," ""CORE_UTILIZATION"": 50, ""PLACE_DENSITY"": 0.68, ""TAG"": ""mult_ppg_cpa_w4_32_nangate45_highutil_87b48795""},/workspaces/RTLGen/runs/designs/multipliers/mult16u_booth4_brentkung_wrapper/work/39ca4667/result.json",mult_ppg_cpa_w4_32_nangate45_highutil_87b48795
mult16u_booth4_koggestone_wrapper,nangate45,0.1941,60.0,0.68,2.5,3487.493025,0.00364," ""CORE_UTILIZATION"": 60, ""PLACE_DENSITY"": 0.68, ""TAG"": ""mult_ppg_cpa_w4_32_nangate45_highutil_da64be35""},/workspaces/RTLGen/runs/designs/multipliers/mult16u_booth4_koggestone_wrapper/work/84032167/result.json",mult_ppg_cpa_w4_32_nangate45_highutil_da64be35
mult16u_booth4_ripple_wrapper,nangate45,2.6148,50.0,0.68,2.5,4171.222225,0.00219," ""CORE_UTILIZATION"": 50, ""PLACE_DENSITY"": 0.68, ""TAG"": ""mult_ppg_cpa_w4_32_nangate45_highutil_87b48795""},/workspaces/RTLGen/runs/designs/multipliers/mult16u_booth4_ripple_wrapper/work/39ca4667/result.json",mult_ppg_cpa_w4_32_nangate45_highutil_87b48795
mult16u_booth4_sklansky_wrapper,nangate45,0.1943,60.0,0.68,2.5,3372.1249,0.00332," ""CORE_UTILIZATION"": 60, ""PLACE_DENSITY"": 0.68, ""TAG"": ""mult_ppg_cpa_w4_32_nangate45_highutil_da64be35""},/workspaces/RTLGen/runs/designs/multipliers/mult16u_booth4_sklansky_wrapper/work/84032167/result.json",mult_ppg_cpa_w4_32_nangate45_highutil_da64be35
mult16u_normal_brentkung_wrapper,nangate45,2.3013,50.0,0.68,2.5,3775.488025,0.0024," ""CORE_UTILIZATION"": 50, ""PLACE_DENSITY"": 0.68, ""TAG"": ""mult_ppg_cpa_w4_32_nangate45_highutil_87b48795""},/workspaces/RTLGen/runs/designs/multipliers/mult16u_normal_brentkung_wrapper/work/39ca4667/result.json",mult_ppg_cpa_w4_32_nangate45_highutil_87b48795
mult16u_normal_koggestone_wrapper,nangate45,0.1943,60.0,0.68,2.5,3495.765625,0.00382," ""CORE_UTILIZATION"": 60, ""PLACE_DENSITY"": 0.68, ""TAG"": ""mult_ppg_cpa_w4_32_nangate45_highutil_da64be35""},/workspaces/RTLGen/runs/designs/multipliers/mult16u_normal_koggestone_wrapper/work/84032167/result.json",mult_ppg_cpa_w4_32_nangate45_highutil_da64be35
mult16u_normal_ripple_wrapper,nangate45,2.5506,50.0,0.68,2.5,3851.4436,0.00209," ""CORE_UTILIZATION"": 50, ""PLACE_DENSITY"": 0.68, ""TAG"": ""mult_ppg_cpa_w4_32_nangate45_highutil_87b48795""},/workspaces/RTLGen/runs/designs/multipliers/mult16u_normal_ripple_wrapper/work/39ca4667/result.json",mult_ppg_cpa_w4_32_nangate45_highutil_87b48795
mult16u_normal_sklansky_wrapper,nangate45,0.1989,50.0,0.68,2.5,3972.150625,0.00331," ""CORE_UTILIZATION"": 50, ""PLACE_DENSITY"": 0.68, ""TAG"": ""mult_ppg_cpa_w4_32_nangate45_highutil_87b48795""},/workspaces/RTLGen/runs/designs/multipliers/mult16u_normal_sklansky_wrapper/work/39ca4667/result.json",mult_ppg_cpa_w4_32_nangate45_highutil_87b48795
mult32s_booth4_brentkung_wrapper,nangate45,3.6068,50.0,0.68,2.5,12459.0244,0.0157," ""CORE_UTILIZATION"": 50, ""PLACE_DENSITY"": 0.68, ""TAG"": ""mult_ppg_cpa_w4_32_nangate45_highutil_87b48795""},/workspaces/RTLGen/runs/designs/multipliers/mult32s_booth4_brentkung_wrapper/work/39ca4667/result.json",mult_ppg_cpa_w4_32_nangate45_highutil_87b48795
mult32s_booth4_koggestone_wrapper,nangate45,0.2307,60.0,0.68,2.5,10972.5625,0.0263," ""CORE_UTILIZATION"": 60, ""PLACE_DENSITY"": 0.68, ""TAG"": ""mult_ppg_cpa_w4_32_nangate45_highutil_da64be35""},/workspaces/RTLGen/runs/designs/multipliers/mult32s_booth4_koggestone_wrapper/work/84032167/result.json",mult_ppg_cpa_w4_32_nangate45_highutil_da64be35
mult32s_booth4_ripple_wrapper,nangate45,4.8031,50.0,0.68,2.5,12918.5956,0.0131," ""CORE_UTILIZATION"": 50, ""PLACE_DENSITY"": 0.68, ""TAG"": ""mult_ppg_cpa_w4_32_nangate45_highutil_87b48795""},/workspaces/RTLGen/runs/designs/multipliers/mult32s_booth4_ripple_wrapper/work/39ca4667/result.json",mult_ppg_cpa_w4_32_nangate45_highutil_87b48795
mult32s_booth4_sklansky_wrapper,nangate45,0.2295,60.0,0.68,2.5,10589.439025,0.0198," ""CORE_UTILIZATION"": 60, ""PLACE_DENSITY"": 0.68, ""TAG"": ""mult_ppg_cpa_w4_32_nangate45_highutil_da64be35""},/workspaces/RTLGen/runs/designs/multipliers/mult32s_booth4_sklansky_wrapper/work/84032167/result.json",mult_ppg_cpa_w4_32_nangate45_highutil_da64be35
mult32s_normal_brentkung_wrapper,nangate45,3.6977,50.0,0.68,2.5,13637.5684,0.0185," ""CORE_UTILIZATION"": 50, ""PLACE_DENSITY"": 0.68, ""TAG"": ""mult_ppg_cpa_w4_32_nangate45_highutil_87b48795""},/workspaces/RTLGen/runs/designs/multipliers/mult32s_normal_brentkung_wrapper/work/39ca4667/result.json",mult_ppg_cpa_w4_32_nangate45_highutil_87b48795
mult32s_normal_koggestone_wrapper,nangate45,0.2309,60.0,0.68,2.5,12127.515625,0.0321," ""CORE_UTILIZATION"": 60, ""PLACE_DENSITY"": 0.68, ""TAG"": ""mult_ppg_cpa_w4_32_nangate45_highutil_da64be35""},/workspaces/RTLGen/runs/designs/multipliers/mult32s_normal_koggestone_wrapper/work/84032167/result.json",mult_ppg_cpa_w4_32_nangate45_highutil_da64be35
mult32s_normal_ripple_wrapper,nangate45,4.9153,50.0,0.68,2.5,14448.04,0.0152," ""CORE_UTILIZATION"": 50, ""PLACE_DENSITY"": 0.68, ""TAG"": ""mult_ppg_cpa_w4_32_nangate45_highutil_87b48795""},/workspaces/RTLGen/runs/designs/multipliers/mult32s_normal_ripple_wrapper/work/39ca4667/result.json",mult_ppg_cpa_w4_32_nangate45_highutil_87b48795
mult32s_normal_sklansky_wrapper,nangate45,0.2436,60.0,0.68,2.5,11692.0969,0.0241," ""CORE_UTILIZATION"": 60, ""PLACE_DENSITY"": 0.68, ""TAG"": ""mult_ppg_cpa_w4_32_nangate45_highutil_da64be35""},/workspaces/RTLGen/runs/designs/multipliers/mult32s_normal_sklansky_wrapper/work/84032167/result.json",mult_ppg_cpa_w4_32_nangate45_highutil_da64be35
mult32u_booth4_brentkung_wrapper,nangate45,3.7335,60.0,0.68,2.5,10909.8025,0.0171," ""CORE_UTILIZATION"": 60, ""PLACE_DENSITY"": 0.68, ""TAG"": ""mult_ppg_cpa_w4_32_nangate45_highutil_da64be35""},/workspaces/RTLGen/runs/designs/multipliers/mult32u_booth4_brentkung_wrapper/work/84032167/result.json",mult_ppg_cpa_w4_32_nangate45_highutil_da64be35
mult32u_booth4_koggestone_wrapper,nangate45,0.239,60.0,0.68,2.5,11437.233025,0.028," ""CORE_UTILIZATION"": 60, ""PLACE_DENSITY"": 0.68, ""TAG"": ""mult_ppg_cpa_w4_32_nangate45_highutil_da64be35""},/workspaces/RTLGen/runs/designs/multipliers/mult32u_booth4_koggestone_wrapper/work/84032167/result.json",mult_ppg_cpa_w4_32_nangate45_highutil_da64be35
mult32u_booth4_ripple_wrapper,nangate45,4.8779,50.0,0.68,2.5,13061.061225,0.014," ""CORE_UTILIZATION"": 50, ""PLACE_DENSITY"": 0.68, ""TAG"": ""mult_ppg_cpa_w4_32_nangate45_highutil_87b48795""},/workspaces/RTLGen/runs/designs/multipliers/mult32u_booth4_ripple_wrapper/work/39ca4667/result.json",mult_ppg_cpa_w4_32_nangate45_highutil_87b48795
mult32u_booth4_sklansky_wrapper,nangate45,0.2358,50.0,0.68,2.5,13126.2849,0.0214," ""CORE_UTILIZATION"": 50, ""PLACE_DENSITY"": 0.68, ""TAG"": ""mult_ppg_cpa_w4_32_nangate45_highutil_87b48795""},/workspaces/RTLGen/runs/designs/multipliers/mult32u_booth4_sklansky_wrapper/work/39ca4667/result.json",mult_ppg_cpa_w4_32_nangate45_highutil_87b48795
mult32u_normal_brentkung_wrapper,nangate45,3.7109,50.0,0.68,2.5,13642.24,0.0187," ""CORE_UTILIZATION"": 50, ""PLACE_DENSITY"": 0.68, ""TAG"": ""mult_ppg_cpa_w4_32_nangate45_highutil_87b48795""},/workspaces/RTLGen/runs/designs/multipliers/mult32u_normal_brentkung_wrapper/work/39ca4667/result.json",mult_ppg_cpa_w4_32_nangate45_highutil_87b48795
mult32u_normal_koggestone_wrapper,nangate45,0.2407,60.0,0.68,2.5,11997.916225,0.0302," ""CORE_UTILIZATION"": 60, ""PLACE_DENSITY"": 0.68, ""TAG"": ""mult_ppg_cpa_w4_32_nangate45_highutil_da64be35""},/workspaces/RTLGen/runs/designs/multipliers/mult32u_normal_koggestone_wrapper/work/84032167/result.json",mult_ppg_cpa_w4_32_nangate45_highutil_da64be35
mult32u_normal_ripple_wrapper,nangate45,4.9368,50.0,0.68,2.5,14075.4496,0.0151," ""CORE_UTILIZATION"": 50, ""PLACE_DENSITY"": 0.68, ""TAG"": ""mult_ppg_cpa_w4_32_nangate45_highutil_87b48795""},/workspaces/RTLGen/runs/designs/multipliers/mult32u_normal_ripple_wrapper/work/39ca4667/result.json",mult_ppg_cpa_w4_32_nangate45_highutil_87b48795
mult32u_normal_sklansky_wrapper,nangate45,0.2368,60.0,0.68,2.5,11689.9344,0.0246," ""CORE_UTILIZATION"": 60, ""PLACE_DENSITY"": 0.68, ""TAG"": ""mult_ppg_cpa_w4_32_nangate45_highutil_da64be35""},/workspaces/RTLGen/runs/designs/multipliers/mult32u_normal_sklansky_wrapper/work/84032167/result.json",mult_ppg_cpa_w4_32_nangate45_highutil_da64be35
mult4s_booth4_brentkung_wrapper,nangate45,0.1665,50.0,0.68,2.5,451.1376,0.000116," ""CORE_UTILIZATION"": 50, ""PLACE_DENSITY"": 0.68, ""TAG"": ""mult_ppg_cpa_w4_32_nangate45_highutil_87b48795""},/workspaces/RTLGen/runs/designs/multipliers/mult4s_booth4_brentkung_wrapper/work/39ca4667/result.json",mult_ppg_cpa_w4_32_nangate45_highutil_87b48795
mult4s_booth4_koggestone_wrapper,nangate45,0.1686,50.0,0.68,2.5,481.144225,0.000128," ""CORE_UTILIZATION"": 50, ""PLACE_DENSITY"": 0.68, ""TAG"": ""mult_ppg_cpa_w4_32_nangate45_highutil_87b48795""},/workspaces/RTLGen/runs/designs/multipliers/mult4s_booth4_koggestone_wrapper/work/39ca4667/result.json",mult_ppg_cpa_w4_32_nangate45_highutil_87b48795
mult4s_booth4_ripple_wrapper,nangate45,0.1686,60.0,0.68,2.5,368.064225,0.000113," ""CORE_UTILIZATION"": 60, ""PLACE_DENSITY"": 0.68, ""TAG"": ""mult_ppg_cpa_w4_32_nangate45_highutil_da64be35""},/workspaces/RTLGen/runs/designs/multipliers/mult4s_booth4_ripple_wrapper/work/84032167/result.json",mult_ppg_cpa_w4_32_nangate45_highutil_da64be35
mult4s_booth4_sklansky_wrapper,nangate45,0.1685,60.0,0.68,2.5,391.2484,0.000127," ""CORE_UTILIZATION"": 60, ""PLACE_DENSITY"": 0.68, ""TAG"": ""mult_ppg_cpa_w4_32_nangate45_highutil_da64be35""},/workspaces/RTLGen/runs/designs/multipliers/mult4s_booth4_sklansky_wrapper/work/84032167/result.json",mult_ppg_cpa_w4_32_nangate45_highutil_da64be35
mult4s_normal_brentkung_wrapper,nangate45,0.1696,50.0,0.68,2.5,368.064225,0.000104," ""CORE_UTILIZATION"": 50, ""PLACE_DENSITY"": 0.68, ""TAG"": ""mult_ppg_cpa_w4_32_nangate45_highutil_87b48795""},/workspaces/RTLGen/runs/designs/multipliers/mult4s_normal_brentkung_wrapper/work/39ca4667/result.json",mult_ppg_cpa_w4_32_nangate45_highutil_87b48795
mult4s_normal_koggestone_wrapper,nangate45,0.1688,50.0,0.68,2.5,397.6036,0.000111," ""CORE_UTILIZATION"": 50, ""PLACE_DENSITY"": 0.68, ""TAG"": ""mult_ppg_cpa_w4_32_nangate45_highutil_87b48795""},/workspaces/RTLGen/runs/designs/multipliers/mult4s_normal_koggestone_wrapper/work/39ca4667/result.json",mult_ppg_cpa_w4_32_nangate45_highutil_87b48795
mult4s_normal_ripple_wrapper,nangate45,0.1672,50.0,0.68,2.5,351.375025,9.76e-05," ""CORE_UTILIZATION"": 50, ""PLACE_DENSITY"": 0.68, ""TAG"": ""mult_ppg_cpa_w4_32_nangate45_highutil_87b48795""},/workspaces/RTLGen/runs/designs/multipliers/mult4s_normal_ripple_wrapper/work/39ca4667/result.json",mult_ppg_cpa_w4_32_nangate45_highutil_87b48795
mult4s_normal_sklansky_wrapper,nangate45,0.1687,50.0,0.68,2.5,386.9089,0.00011," ""CORE_UTILIZATION"": 50, ""PLACE_DENSITY"": 0.68, ""TAG"": ""mult_ppg_cpa_w4_32_nangate45_highutil_87b48795""},/workspaces/RTLGen/runs/designs/multipliers/mult4s_normal_sklansky_wrapper/work/39ca4667/result.json",mult_ppg_cpa_w4_32_nangate45_highutil_87b48795
mult4u_booth4_brentkung_wrapper,nangate45,0.168,60.0,0.68,2.5,394.221025,0.00013," ""CORE_UTILIZATION"": 60, ""PLACE_DENSITY"": 0.68, ""TAG"": ""mult_ppg_cpa_w4_32_nangate45_highutil_da64be35""},/workspaces/RTLGen/runs/designs/multipliers/mult4u_booth4_brentkung_wrapper/work/84032167/result.json",mult_ppg_cpa_w4_32_nangate45_highutil_da64be35
mult4u_booth4_koggestone_wrapper,nangate45,0.168,60.0,0.68,2.5,416.772225,0.00014," ""CORE_UTILIZATION"": 60, ""PLACE_DENSITY"": 0.68, ""TAG"": ""mult_ppg_cpa_w4_32_nangate45_highutil_da64be35""},/workspaces/RTLGen/runs/designs/multipliers/mult4u_booth4_koggestone_wrapper/work/84032167/result.json",mult_ppg_cpa_w4_32_nangate45_highutil_da64be35
mult4u_booth4_ripple_wrapper,nangate45,0.169,50.0,0.68,2.5,447.111025,0.000125," ""CORE_UTILIZATION"": 50, ""PLACE_DENSITY"": 0.68, ""TAG"": ""mult_ppg_cpa_w4_32_nangate45_highutil_87b48795""},/workspaces/RTLGen/runs/designs/multipliers/mult4u_booth4_ripple_wrapper/work/39ca4667/result.json",mult_ppg_cpa_w4_32_nangate45_highutil_87b48795
mult4u_booth4_sklansky_wrapper,nangate45,0.1687,60.0,0.68,2.5,414.326025,0.000142," ""CORE_UTILIZATION"": 60, ""PLACE_DENSITY"": 0.68, ""TAG"": ""mult_ppg_cpa_w4_32_nangate45_highutil_da64be35""},/workspaces/RTLGen/runs/designs/multipliers/mult4u_booth4_sklansky_wrapper/work/84032167/result.json",mult_ppg_cpa_w4_32_nangate45_highutil_da64be35
mult4u_normal_brentkung_wrapper,nangate45,0.1681,50.0,0.68,2.5,356.643225,8.85e-05," ""CORE_UTILIZATION"": 50, ""PLACE_DENSITY"": 0.68, ""TAG"": ""mult_ppg_cpa_w4_32_nangate45_highutil_87b48795""},/workspaces/RTLGen/runs/designs/multipliers/mult4u_normal_brentkung_wrapper/work/39ca4667/result.json",mult_ppg_cpa_w4_32_nangate45_highutil_87b48795
mult4u_normal_koggestone_wrapper,nangate45,0.1671,50.0,0.68,2.5,395.2144,9.43e-05," ""CORE_UTILIZATION"": 50, ""PLACE_DENSITY"": 0.68, ""TAG"": ""mult_ppg_cpa_w4_32_nangate45_highutil_87b48795""},/workspaces/RTLGen/runs/designs/multipliers/mult4u_normal_koggestone_wrapper/work/39ca4667/result.json",mult_ppg_cpa_w4_32_nangate45_highutil_87b48795
mult4u_normal_ripple_wrapper,nangate45,0.1677,45.0,0.65,2.5,379.4704,8.48e-05," ""CORE_UTILIZATION"": 45, ""PLACE_DENSITY"": 0.65, ""TAG"": ""mult4u_normal_ripple_n45_relaxed_99366b7a""},/workspaces/RTLGen/runs/designs/multipliers/mult4u_normal_ripple_wrapper/work/320551ce/result.json",mult4u_normal_ripple_n45_relaxed_99366b7a
mult4u_normal_sklansky_wrapper,nangate45,0.1675,50.0,0.68,2.5,375.778225,8.98e-05," ""CORE_UTILIZATION"": 50, ""PLACE_DENSITY"": 0.68, ""TAG"": ""mult_ppg_cpa_w4_32_nangate45_highutil_87b48795""},/workspaces/RTLGen/runs/designs/multipliers/mult4u_normal_sklansky_wrapper/work/39ca4667/result.json",mult_ppg_cpa_w4_32_nangate45_highutil_87b48795
mult8s_booth4_brentkung_wrapper,nangate45,0.1772,50.0,0.68,2.5,1223.250625,0.000431," ""CORE_UTILIZATION"": 50, ""PLACE_DENSITY"": 0.68, ""TAG"": ""mult_ppg_cpa_w4_32_nangate45_highutil_87b48795""},/workspaces/RTLGen/runs/designs/multipliers/mult8s_booth4_brentkung_wrapper/work/39ca4667/result.json",mult_ppg_cpa_w4_32_nangate45_highutil_87b48795
mult8s_booth4_koggestone_wrapper,nangate45,0.1755,60.0,0.68,2.5,1148.5321,0.000596," ""CORE_UTILIZATION"": 60, ""PLACE_DENSITY"": 0.68, ""TAG"": ""mult_ppg_cpa_w4_32_nangate45_highutil_da64be35""},/workspaces/RTLGen/runs/designs/multipliers/mult8s_booth4_koggestone_wrapper/work/84032167/result.json",mult_ppg_cpa_w4_32_nangate45_highutil_da64be35
mult8s_booth4_ripple_wrapper,nangate45,0.1771,50.0,0.68,2.5,1195.7764,0.000416," ""CORE_UTILIZATION"": 50, ""PLACE_DENSITY"": 0.68, ""TAG"": ""mult_ppg_cpa_w4_32_nangate45_highutil_87b48795""},/workspaces/RTLGen/runs/designs/multipliers/mult8s_booth4_ripple_wrapper/work/39ca4667/result.json",mult_ppg_cpa_w4_32_nangate45_highutil_87b48795
mult8s_booth4_sklansky_wrapper,nangate45,0.1761,60.0,0.68,2.5,1060.479225,0.000515," ""CORE_UTILIZATION"": 60, ""PLACE_DENSITY"": 0.68, ""TAG"": ""mult_ppg_cpa_w4_32_nangate45_highutil_da64be35""},/workspaces/RTLGen/runs/designs/multipliers/mult8s_booth4_sklansky_wrapper/work/84032167/result.json",mult_ppg_cpa_w4_32_nangate45_highutil_da64be35
mult8s_normal_brentkung_wrapper,nangate45,0.1792,60.0,0.68,2.5,953.265625,0.000428," ""CORE_UTILIZATION"": 60, ""PLACE_DENSITY"": 0.68, ""TAG"": ""mult_ppg_cpa_w4_32_nangate45_highutil_da64be35""},/workspaces/RTLGen/runs/designs/multipliers/mult8s_normal_brentkung_wrapper/work/84032167/result.json",mult_ppg_cpa_w4_32_nangate45_highutil_da64be35
mult8s_normal_koggestone_wrapper,nangate45,0.1766,60.0,0.68,2.5,1109.5561,0.00065," ""CORE_UTILIZATION"": 60, ""PLACE_DENSITY"": 0.68, ""TAG"": ""mult_ppg_cpa_w4_32_nangate45_highutil_da64be35""},/workspaces/RTLGen/runs/designs/multipliers/mult8s_normal_koggestone_wrapper/work/84032167/result.json",mult_ppg_cpa_w4_32_nangate45_highutil_da64be35
mult8s_normal_ripple_wrapper,nangate45,0.1766,50.0,0.68,2.5,1103.5684,0.000383," ""CORE_UTILIZATION"": 50, ""PLACE_DENSITY"": 0.68, ""TAG"": ""mult_ppg_cpa_w4_32_nangate45_highutil_87b48795""},/workspaces/RTLGen/runs/designs/multipliers/mult8s_normal_ripple_wrapper/work/39ca4667/result.json",mult_ppg_cpa_w4_32_nangate45_highutil_87b48795
mult8s_normal_sklansky_wrapper,nangate45,0.1778,60.0,0.68,2.5,1001.406025,0.000515," ""CORE_UTILIZATION"": 60, ""PLACE_DENSITY"": 0.68, ""TAG"": ""mult_ppg_cpa_w4_32_nangate45_highutil_da64be35""},/workspaces/RTLGen/runs/designs/multipliers/mult8s_normal_sklansky_wrapper/work/84032167/result.json",mult_ppg_cpa_w4_32_nangate45_highutil_da64be35
mult8u_booth4_brentkung_wrapper,nangate45,0.176,50.0,0.68,2.5,1366.7809,0.000504," ""CORE_UTILIZATION"": 50, ""PLACE_DENSITY"": 0.68, ""TAG"": ""mult_ppg_cpa_w4_32_nangate45_highutil_87b48795""},/workspaces/RTLGen/runs/designs/multipliers/mult8u_booth4_brentkung_wrapper/work/39ca4667/result.json",mult_ppg_cpa_w4_32_nangate45_highutil_87b48795
mult8u_booth4_koggestone_wrapper,nangate45,0.1756,50.0,0.68,2.5,1423.175625,0.000677," ""CORE_UTILIZATION"": 50, ""PLACE_DENSITY"": 0.68, ""TAG"": ""mult_ppg_cpa_w4_32_nangate45_highutil_87b48795""},/workspaces/RTLGen/runs/designs/multipliers/mult8u_booth4_koggestone_wrapper/work/39ca4667/result.json",mult_ppg_cpa_w4_32_nangate45_highutil_87b48795
mult8u_booth4_ripple_wrapper,nangate45,0.176,50.0,0.68,2.5,1279.135225,0.000465," ""CORE_UTILIZATION"": 50, ""PLACE_DENSITY"": 0.68, ""TAG"": ""mult_ppg_cpa_w4_32_nangate45_highutil_87b48795""},/workspaces/RTLGen/runs/designs/multipliers/mult8u_booth4_ripple_wrapper/work/39ca4667/result.json",mult_ppg_cpa_w4_32_nangate45_highutil_87b48795
mult8u_booth4_sklansky_wrapper,nangate45,0.1753,50.0,0.68,2.5,1347.991225,0.000591," ""CORE_UTILIZATION"": 50, ""PLACE_DENSITY"": 0.68, ""TAG"": ""mult_ppg_cpa_w4_32_nangate45_highutil_87b48795""},/workspaces/RTLGen/runs/designs/multipliers/mult8u_booth4_sklansky_wrapper/work/39ca4667/result.json",mult_ppg_cpa_w4_32_nangate45_highutil_87b48795
mult8u_normal_brentkung_wrapper,nangate45,0.1767,50.0,0.68,2.5,1117.5649,0.000385," ""CORE_UTILIZATION"": 50, ""PLACE_DENSITY"": 0.68, ""TAG"": ""mult_ppg_cpa_w4_32_nangate45_highutil_87b48795""},/workspaces/RTLGen/runs/designs/multipliers/mult8u_normal_brentkung_wrapper/work/39ca4667/result.json",mult_ppg_cpa_w4_32_nangate45_highutil_87b48795
mult8u_normal_koggestone_wrapper,nangate45,0.1756,60.0,0.68,2.5,1063.086025,0.000512," ""CORE_UTILIZATION"": 60, ""PLACE_DENSITY"": 0.68, ""TAG"": ""mult_ppg_cpa_w4_32_nangate45_highutil_da64be35""},/workspaces/RTLGen/runs/designs/multipliers/mult8u_normal_koggestone_wrapper/work/84032167/result.json",mult_ppg_cpa_w4_32_nangate45_highutil_da64be35
mult8u_normal_ripple_wrapper,nangate45,0.1759,50.0,0.68,2.5,1198.5444,0.000358," ""CORE_UTILIZATION"": 50, ""PLACE_DENSITY"": 0.68, ""TAG"": ""mult_ppg_cpa_w4_32_nangate45_highutil_87b48795""},/workspaces/RTLGen/runs/designs/multipliers/mult8u_normal_ripple_wrapper/work/39ca4667/result.json",mult_ppg_cpa_w4_32_nangate45_highutil_87b48795
mult8u_normal_sklansky_wrapper,nangate45,0.1776,50.0,0.68,2.5,1213.8256,0.00046," ""CORE_UTILIZATION"": 50, ""PLACE_DENSITY"": 0.68, ""TAG"": ""mult_ppg_cpa_w4_32_nangate45_highutil_87b48795""},/workspaces/RTLGen/runs/designs/multipliers/mult8u_normal_sklansky_wrapper/work/39ca4667/result.json",mult_ppg_cpa_w4_32_nangate45_highutil_87b48795
mult16s_booth4_brentkung_wrapper,sky130hd,9.2077,40.0,0.65,6.0,21403.69,0.00499," ""CORE_UTILIZATION"": 40, ""PLACE_DENSITY"": 0.65, ""TAG"": ""mult_ppg_cpa_w4_32_sky130hd_highutil_8de86181""},/workspaces/RTLGen/runs/designs/multipliers/mult16s_booth4_brentkung_wrapper/work/4c404a8c/result.json",mult_ppg_cpa_w4_32_sky130hd_highutil_8de86181
mult16s_booth4_koggestone_wrapper,sky130hd,5.809,40.0,0.65,6.0,23078.167225,0.00661," ""CORE_UTILIZATION"": 40, ""PLACE_DENSITY"": 0.65, ""TAG"": ""mult_ppg_cpa_w4_32_sky130hd_highutil_8de86181""},/workspaces/RTLGen/runs/designs/multipliers/mult16s_booth4_koggestone_wrapper/work/4c404a8c/result.json",mult_ppg_cpa_w4_32_sky130hd_highutil_8de86181
mult16s_booth4_ripple_wrapper,sky130hd,10.7637,40.0,0.65,6.0,21911.400625,0.00413," ""CORE_UTILIZATION"": 40, ""PLACE_DENSITY"": 0.65, ""TAG"": ""mult_ppg_cpa_w4_32_sky130hd_highutil_8de86181""},/workspaces/RTLGen/runs/designs/multipliers/mult16s_booth4_ripple_wrapper/work/4c404a8c/result.json",mult_ppg_cpa_w4_32_sky130hd_highutil_8de86181
mult16s_booth4_sklansky_wrapper,sky130hd,5.7786,50.0,0.65,6.0,17635.84,0.00547," ""CORE_UTILIZATION"": 50, ""PLACE_DENSITY"": 0.65, ""TAG"": ""mult_ppg_cpa_w4_32_sky130hd_highutil_8c56d3b0""},/workspaces/RTLGen/runs/designs/multipliers/mult16s_booth4_sklansky_wrapper/work/ee6c4432/result.json",mult_ppg_cpa_w4_32_sky130hd_highutil_8c56d3b0
mult16s_normal_brentkung_wrapper,sky130hd,9.8977,50.0,0.65,6.0,17702.3025,0.00525," ""CORE_UTILIZATION"": 50, ""PLACE_DENSITY"": 0.65, ""TAG"": ""mult_ppg_cpa_w4_32_sky130hd_highutil_8c56d3b0""},/workspaces/RTLGen/runs/designs/multipliers/mult16s_normal_brentkung_wrapper/work/ee6c4432/result.json",mult_ppg_cpa_w4_32_sky130hd_highutil_8c56d3b0
mult16s_normal_koggestone_wrapper,sky130hd,5.9735,50.0,0.65,6.0,18706.0329,0.00714," ""CORE_UTILIZATION"": 50, ""PLACE_DENSITY"": 0.65, ""TAG"": ""mult_ppg_cpa_w4_32_sky130hd_highutil_8c56d3b0""},/workspaces/RTLGen/runs/designs/multipliers/mult16s_normal_koggestone_wrapper/work/ee6c4432/result.json",mult_ppg_cpa_w4_32_sky130hd_highutil_8c56d3b0
mult16s_normal_ripple_wrapper,sky130hd,11.5094,40.0,0.65,6.0,21714.9696,0.00427," ""CORE_UTILIZATION"": 40, ""PLACE_DENSITY"": 0.65, ""TAG"": ""mult_ppg_cpa_w4_32_sky130hd_highutil_8de86181""},/workspaces/RTLGen/runs/designs/multipliers/mult16s_normal_ripple_wrapper/work/4c404a8c/result.json",mult_ppg_cpa_w4_32_sky130hd_highutil_8de86181
mult16s_normal_sklansky_wrapper,sky130hd,5.9549,50.0,0.65,6.0,18129.276025,0.00582," ""CORE_UTILIZATION"": 50, ""PLACE_DENSITY"": 0.65, ""TAG"": ""mult_ppg_cpa_w4_32_sky130hd_highutil_8c56d3b0""},/workspaces/RTLGen/runs/designs/multipliers/mult16s_normal_sklansky_wrapper/work/ee6c4432/result.json",mult_ppg_cpa_w4_32_sky130hd_highutil_8c56d3b0
mult16u_booth4_brentkung_wrapper,sky130hd,9.9801,40.0,0.65,6.0,22970.4336,0.0053," ""CORE_UTILIZATION"": 40, ""PLACE_DENSITY"": 0.65, ""TAG"": ""mult_ppg_cpa_w4_32_sky130hd_highutil_8de86181""},/workspaces/RTLGen/runs/designs/multipliers/mult16u_booth4_brentkung_wrapper/work/4c404a8c/result.json",mult_ppg_cpa_w4_32_sky130hd_highutil_8de86181
mult16u_booth4_koggestone_wrapper,sky130hd,5.8082,50.0,0.65,6.0,19650.4324,0.0076," ""CORE_UTILIZATION"": 50, ""PLACE_DENSITY"": 0.65, ""TAG"": ""mult_ppg_cpa_w4_32_sky130hd_highutil_8c56d3b0""},/workspaces/RTLGen/runs/designs/multipliers/mult16u_booth4_koggestone_wrapper/work/ee6c4432/result.json",mult_ppg_cpa_w4_32_sky130hd_highutil_8c56d3b0
mult16u_booth4_ripple_wrapper,sky130hd,11.8191,40.0,0.65,6.0,22297.955625,0.00433," ""CORE_UTILIZATION"": 40, ""PLACE_DENSITY"": 0.65, ""TAG"": ""mult_ppg_cpa_w4_32_sky130hd_highutil_8de86181""},/workspaces/RTLGen/runs/designs/multipliers/mult16u_booth4_ripple_wrapper/work/4c404a8c/result.json",mult_ppg_cpa_w4_32_sky130hd_highutil_8de86181
mult16u_booth4_sklansky_wrapper,sky130hd,5.8702,40.0,0.65,6.0,23614.4689,0.00643," ""CORE_UTILIZATION"": 40, ""PLACE_DENSITY"": 0.65, ""TAG"": ""mult_ppg_cpa_w4_32_sky130hd_highutil_8de86181""},/workspaces/RTLGen/runs/designs/multipliers/mult16u_booth4_sklansky_wrapper/work/4c404a8c/result.json",mult_ppg_cpa_w4_32_sky130hd_highutil_8de86181
mult16u_normal_brentkung_wrapper,sky130hd,10.0389,50.0,0.65,6.0,17582.76,0.00508," ""CORE_UTILIZATION"": 50, ""PLACE_DENSITY"": 0.65, ""TAG"": ""mult_ppg_cpa_w4_32_sky130hd_highutil_8c56d3b0""},/workspaces/RTLGen/runs/designs/multipliers/mult16u_normal_brentkung_wrapper/work/ee6c4432/result.json",mult_ppg_cpa_w4_32_sky130hd_highutil_8c56d3b0
mult16u_normal_koggestone_wrapper,sky130hd,5.8993,40.0,0.65,6.0,24237.819225,0.00745," ""CORE_UTILIZATION"": 40, ""PLACE_DENSITY"": 0.65, ""TAG"": ""mult_ppg_cpa_w4_32_sky130hd_highutil_8de86181""},/workspaces/RTLGen/runs/designs/multipliers/mult16u_normal_koggestone_wrapper/work/4c404a8c/result.json",mult_ppg_cpa_w4_32_sky130hd_highutil_8de86181
mult16u_normal_ripple_wrapper,sky130hd,11.6459,40.0,0.65,6.0,21737.079225,0.00417," ""CORE_UTILIZATION"": 40, ""PLACE_DENSITY"": 0.65, ""TAG"": ""mult_ppg_cpa_w4_32_sky130hd_highutil_8de86181""},/workspaces/RTLGen/runs/designs/multipliers/mult16u_normal_ripple_wrapper/work/4c404a8c/result.json",mult_ppg_cpa_w4_32_sky130hd_highutil_8de86181
mult16u_normal_sklansky_wrapper,sky130hd,5.9487,50.0,0.65,6.0,18308.7961,0.00611," ""CORE_UTILIZATION"": 50, ""PLACE_DENSITY"": 0.65, ""TAG"": ""mult_ppg_cpa_w4_32_sky130hd_highutil_8c56d3b0""},/workspaces/RTLGen/runs/designs/multipliers/mult16u_normal_sklansky_wrapper/work/ee6c4432/result.json",mult_ppg_cpa_w4_32_sky130hd_highutil_8c56d3b0
mult32s_booth4_brentkung_wrapper,sky130hd,16.5973,40.0,0.65,6.0,75204.835225,0.0294," ""CORE_UTILIZATION"": 40, ""PLACE_DENSITY"": 0.65, ""TAG"": ""mult_ppg_cpa_w4_32_sky130hd_highutil_8de86181""},/workspaces/RTLGen/runs/designs/multipliers/mult32s_booth4_brentkung_wrapper/work/4c404a8c/result.json",mult_ppg_cpa_w4_32_sky130hd_highutil_8de86181
mult32s_booth4_koggestone_wrapper,sky130hd,7.0687,40.0,0.65,6.0,79778.0025,0.0804," ""CORE_UTILIZATION"": 40, ""PLACE_DENSITY"": 0.65, ""TAG"": ""mult_ppg_cpa_w4_32_sky130hd_highutil_8de86181""},/workspaces/RTLGen/runs/designs/multipliers/mult32s_booth4_koggestone_wrapper/work/4c404a8c/result.json",mult_ppg_cpa_w4_32_sky130hd_highutil_8de86181
mult32s_booth4_ripple_wrapper,sky130hd,22.169,40.0,0.65,6.0,76493.730625,0.0218," ""CORE_UTILIZATION"": 40, ""PLACE_DENSITY"": 0.65, ""TAG"": ""mult_ppg_cpa_w4_32_sky130hd_highutil_8de86181""},/workspaces/RTLGen/runs/designs/multipliers/mult32s_booth4_ripple_wrapper/work/4c404a8c/result.json",mult_ppg_cpa_w4_32_sky130hd_highutil_8de86181
mult32s_booth4_sklansky_wrapper,sky130hd,7.3827,40.0,0.65,6.0,76698.533025,0.0488," ""CORE_UTILIZATION"": 40, ""PLACE_DENSITY"": 0.65, ""TAG"": ""mult_ppg_cpa_w4_32_sky130hd_highutil_8de86181""},/workspaces/RTLGen/runs/designs/multipliers/mult32s_booth4_sklansky_wrapper/work/4c404a8c/result.json",mult_ppg_cpa_w4_32_sky130hd_highutil_8de86181
mult32s_normal_brentkung_wrapper,sky130hd,17.1224,50.0,0.65,6.0,66321.7009,0.0328," ""CORE_UTILIZATION"": 50, ""PLACE_DENSITY"": 0.65, ""TAG"": ""mult_ppg_cpa_w4_32_sky130hd_highutil_8c56d3b0""},/workspaces/RTLGen/runs/designs/multipliers/mult32s_normal_brentkung_wrapper/work/ee6c4432/result.json",mult_ppg_cpa_w4_32_sky130hd_highutil_8c56d3b0
mult32s_normal_koggestone_wrapper,sky130hd,7.2993,50.0,0.65,6.0,69032.3076,0.099," ""CORE_UTILIZATION"": 50, ""PLACE_DENSITY"": 0.65, ""TAG"": ""mult_ppg_cpa_w4_32_sky130hd_highutil_8c56d3b0""},/workspaces/RTLGen/runs/designs/multipliers/mult32s_normal_koggestone_wrapper/work/ee6c4432/result.json",mult_ppg_cpa_w4_32_sky130hd_highutil_8c56d3b0
mult32s_normal_ripple_wrapper,sky130hd,23.0872,40.0,0.65,6.0,82627.5025,0.0265," ""CORE_UTILIZATION"": 40, ""PLACE_DENSITY"": 0.65, ""TAG"": ""mult_ppg_cpa_w4_32_sky130hd_highutil_8de86181""},/workspaces/RTLGen/runs/designs/multipliers/mult32s_normal_ripple_wrapper/work/4c404a8c/result.json",mult_ppg_cpa_w4_32_sky130hd_highutil_8de86181
mult32s_normal_sklansky_wrapper,sky130hd,7.4093,40.0,0.65,6.0,83873.9521,0.0678," ""CORE_UTILIZATION"": 40, ""PLACE_DENSITY"": 0.65, ""TAG"": ""mult_ppg_cpa_w4_32_sky130hd_highutil_8de86181""},/workspaces/RTLGen/runs/designs/multipliers/mult32s_normal_sklansky_wrapper/work/4c404a8c/result.json",mult_ppg_cpa_w4_32_sky130hd_highutil_8de86181
mult32u_booth4_brentkung_wrapper,sky130hd,16.7924,50.0,0.65,6.0,62297.664025,0.0311," ""CORE_UTILIZATION"": 50, ""PLACE_DENSITY"": 0.65, ""TAG"": ""mult_ppg_cpa_w4_32_sky130hd_highutil_8c56d3b0""},/workspaces/RTLGen/runs/designs/multipliers/mult32u_booth4_brentkung_wrapper/work/ee6c4432/result.json",mult_ppg_cpa_w4_32_sky130hd_highutil_8c56d3b0
mult32u_booth4_koggestone_wrapper,sky130hd,7.0001,50.0,0.65,6.0,64981.657225,0.0913," ""CORE_UTILIZATION"": 50, ""PLACE_DENSITY"": 0.65, ""TAG"": ""mult_ppg_cpa_w4_32_sky130hd_highutil_8c56d3b0""},/workspaces/RTLGen/runs/designs/multipliers/mult32u_booth4_koggestone_wrapper/work/ee6c4432/result.json",mult_ppg_cpa_w4_32_sky130hd_highutil_8c56d3b0
mult32u_booth4_ripple_wrapper,sky130hd,22.0692,40.0,0.65,6.0,78907.619025,0.0236," ""CORE_UTILIZATION"": 40, ""PLACE_DENSITY"": 0.65, ""TAG"": ""mult_ppg_cpa_w4_32_sky130hd_highutil_8de86181""},/workspaces/RTLGen/runs/designs/multipliers/mult32u_booth4_ripple_wrapper/work/4c404a8c/result.json",mult_ppg_cpa_w4_32_sky130hd_highutil_8de86181
mult32u_booth4_sklansky_wrapper,sky130hd,7.2587,40.0,0.65,6.0,79337.9889,0.0637," ""CORE_UTILIZATION"": 40, ""PLACE_DENSITY"": 0.65, ""TAG"": ""mult_ppg_cpa_w4_32_sky130hd_highutil_8de86181""},/workspaces/RTLGen/runs/designs/multipliers/mult32u_booth4_sklansky_wrapper/work/4c404a8c/result.json",mult_ppg_cpa_w4_32_sky130hd_highutil_8de86181
mult32u_normal_brentkung_wrapper,sky130hd,17.2551,50.0,0.65,6.0,66254.76,0.035," ""CORE_UTILIZATION"": 50, ""PLACE_DENSITY"": 0.65, ""TAG"": ""mult_ppg_cpa_w4_32_sky130hd_highutil_8c56d3b0""},/workspaces/RTLGen/runs/designs/multipliers/mult32u_normal_brentkung_wrapper/work/ee6c4432/result.json",mult_ppg_cpa_w4_32_sky130hd_highutil_8c56d3b0
mult32u_normal_koggestone_wrapper,sky130hd,7.5209,40.0,0.65,6.0,86209.768225,0.1," ""CORE_UTILIZATION"": 40, ""PLACE_DENSITY"": 0.65, ""TAG"": ""mult_ppg_cpa_w4_32_sky130hd_highutil_8de86181""},/workspaces/RTLGen/runs/designs/multipliers/mult32u_normal_koggestone_wrapper/work/4c404a8c/result.json",mult_ppg_cpa_w4_32_sky130hd_highutil_8de86181
mult32u_normal_ripple_wrapper,sky130hd,23.4017,50.0,0.65,6.0,65715.3225,0.0258," ""CORE_UTILIZATION"": 50, ""PLACE_DENSITY"": 0.65, ""TAG"": ""mult_ppg_cpa_w4_32_sky130hd_highutil_8c56d3b0""},/workspaces/RTLGen/runs/designs/multipliers/mult32u_normal_ripple_wrapper/work/ee6c4432/result.json",mult_ppg_cpa_w4_32_sky130hd_highutil_8c56d3b0
mult32u_normal_sklansky_wrapper,sky130hd,7.5114,40.0,0.65,6.0,83659.7776,0.0585," ""CORE_UTILIZATION"": 40, ""PLACE_DENSITY"": 0.65, ""TAG"": ""mult_ppg_cpa_w4_32_sky130hd_highutil_8de86181""},/workspaces/RTLGen/runs/designs/multipliers/mult32u_normal_sklansky_wrapper/work/4c404a8c/result.json",mult_ppg_cpa_w4_32_sky130hd_highutil_8de86181
mult4s_booth4_brentkung_wrapper,sky130hd,3.9163,50.0,0.65,6.0,1910.127025,0.000338," ""CORE_UTILIZATION"": 50, ""PLACE_DENSITY"": 0.65, ""TAG"": ""mult_ppg_cpa_w4_32_sky130hd_highutil_8c56d3b0""},/workspaces/RTLGen/runs/designs/multipliers/mult4s_booth4_brentkung_wrapper/work/ee6c4432/result.json",mult_ppg_cpa_w4_32_sky130hd_highutil_8c56d3b0
mult4s_booth4_koggestone_wrapper,sky130hd,1.3983,40.0,0.65,6.0,2573.025625,0.000385," ""CORE_UTILIZATION"": 40, ""PLACE_DENSITY"": 0.65, ""TAG"": ""mult_ppg_cpa_w4_32_sky130hd_highutil_8de86181""},/workspaces/RTLGen/runs/designs/multipliers/mult4s_booth4_koggestone_wrapper/work/4c404a8c/result.json",mult_ppg_cpa_w4_32_sky130hd_highutil_8de86181
mult4s_booth4_ripple_wrapper,sky130hd,4.0705,50.0,0.65,6.0,1818.1696,0.000328," ""CORE_UTILIZATION"": 50, ""PLACE_DENSITY"": 0.65, ""TAG"": ""mult_ppg_cpa_w4_32_sky130hd_highutil_8c56d3b0""},/workspaces/RTLGen/runs/designs/multipliers/mult4s_booth4_ripple_wrapper/work/ee6c4432/result.json",mult_ppg_cpa_w4_32_sky130hd_highutil_8c56d3b0
mult4s_booth4_sklansky_wrapper,sky130hd,1.3873,40.0,0.65,6.0,2488.513225,0.000378," ""CORE_UTILIZATION"": 40, ""PLACE_DENSITY"": 0.65, ""TAG"": ""mult_ppg_cpa_w4_32_sky130hd_highutil_8de86181""},/workspaces/RTLGen/runs/designs/multipliers/mult4s_booth4_sklansky_wrapper/work/4c404a8c/result.json",mult_ppg_cpa_w4_32_sky130hd_highutil_8de86181
mult4s_normal_brentkung_wrapper,sky130hd,1.3892,50.0,0.65,6.0,1560.25,0.000328," ""CORE_UTILIZATION"": 50, ""PLACE_DENSITY"": 0.65, ""TAG"": ""mult_ppg_cpa_w4_32_sky130hd_highutil_8c56d3b0""},/workspaces/RTLGen/runs/designs/multipliers/mult4s_normal_brentkung_wrapper/work/ee6c4432/result.json",mult_ppg_cpa_w4_32_sky130hd_highutil_8c56d3b0
mult4s_normal_koggestone_wrapper,sky130hd,1.3857,50.0,0.65,6.0,1705.277025,0.000349," ""CORE_UTILIZATION"": 50, ""PLACE_DENSITY"": 0.65, ""TAG"": ""mult_ppg_cpa_w4_32_sky130hd_highutil_8c56d3b0""},/workspaces/RTLGen/runs/designs/multipliers/mult4s_normal_koggestone_wrapper/work/ee6c4432/result.json",mult_ppg_cpa_w4_32_sky130hd_highutil_8c56d3b0
mult4s_normal_ripple_wrapper,sky130hd,1.3872,50.0,0.65,6.0,1470.7225,0.000318," ""CORE_UTILIZATION"": 50, ""PLACE_DENSITY"": 0.65, ""TAG"": ""mult_ppg_cpa_w4_32_sky130hd_highutil_8c56d3b0""},/workspaces/RTLGen/runs/designs/multipliers/mult4s_normal_ripple_wrapper/work/ee6c4432/result.json",mult_ppg_cpa_w4_32_sky130hd_highutil_8c56d3b0
mult4s_normal_sklansky_wrapper,sky130hd,1.3853,50.0,0.65,6.0,1628.9296,0.000322," ""CORE_UTILIZATION"": 50, ""PLACE_DENSITY"": 0.65, ""TAG"": ""mult_ppg_cpa_w4_32_sky130hd_highutil_8c56d3b0""},/workspaces/RTLGen/runs/designs/multipliers/mult4s_normal_sklansky_wrapper/work/ee6c4432/result.json",mult_ppg_cpa_w4_32_sky130hd_highutil_8c56d3b0
mult4u_booth4_brentkung_wrapper,sky130hd,4.2148,50.0,0.65,6.0,1933.3609,0.000392," ""CORE_UTILIZATION"": 50, ""PLACE_DENSITY"": 0.65, ""TAG"": ""mult_ppg_cpa_w4_32_sky130hd_highutil_8c56d3b0""},/workspaces/RTLGen/runs/designs/multipliers/mult4u_booth4_brentkung_wrapper/work/ee6c4432/result.json",mult_ppg_cpa_w4_32_sky130hd_highutil_8c56d3b0
mult4u_booth4_koggestone_wrapper,sky130hd,1.3814,40.0,0.65,6.0,2488.513225,0.000412," ""CORE_UTILIZATION"": 40, ""PLACE_DENSITY"": 0.65, ""TAG"": ""mult_ppg_cpa_w4_32_sky130hd_highutil_8de86181""},/workspaces/RTLGen/runs/designs/multipliers/mult4u_booth4_koggestone_wrapper/work/4c404a8c/result.json",mult_ppg_cpa_w4_32_sky130hd_highutil_8de86181
mult4u_booth4_ripple_wrapper,sky130hd,4.5336,40.0,0.65,6.0,2279.585025,0.000382," ""CORE_UTILIZATION"": 40, ""PLACE_DENSITY"": 0.65, ""TAG"": ""mult_ppg_cpa_w4_32_sky130hd_highutil_8de86181""},/workspaces/RTLGen/runs/designs/multipliers/mult4u_booth4_ripple_wrapper/work/4c404a8c/result.json",mult_ppg_cpa_w4_32_sky130hd_highutil_8de86181
mult4u_booth4_sklansky_wrapper,sky130hd,1.3876,50.0,0.65,6.0,2001.6676,0.000391," ""CORE_UTILIZATION"": 50, ""PLACE_DENSITY"": 0.65, ""TAG"": ""mult_ppg_cpa_w4_32_sky130hd_highutil_8c56d3b0""},/workspaces/RTLGen/runs/designs/multipliers/mult4u_booth4_sklansky_wrapper/work/ee6c4432/result.json",mult_ppg_cpa_w4_32_sky130hd_highutil_8c56d3b0
mult4u_normal_brentkung_wrapper,sky130hd,1.3926,40.0,0.65,6.0,1844.273025,0.00028," ""CORE_UTILIZATION"": 40, ""PLACE_DENSITY"": 0.65, ""TAG"": ""mult_ppg_cpa_w4_32_sky130hd_highutil_8de86181""},/workspaces/RTLGen/runs/designs/multipliers/mult4u_normal_brentkung_wrapper/work/4c404a8c/result.json",mult_ppg_cpa_w4_32_sky130hd_highutil_8de86181
mult4u_normal_koggestone_wrapper,sky130hd,1.3842,40.0,0.65,6.0,2083.466025,0.00029," ""CORE_UTILIZATION"": 40, ""PLACE_DENSITY"": 0.65, ""TAG"": ""mult_ppg_cpa_w4_32_sky130hd_highutil_8de86181""},/workspaces/RTLGen/runs/designs/multipliers/mult4u_normal_koggestone_wrapper/work/4c404a8c/result.json",mult_ppg_cpa_w4_32_sky130hd_highutil_8de86181
mult4u_normal_ripple_wrapper,sky130hd,1.3816,50.0,0.65,6.0,1447.0416,0.000272," ""CORE_UTILIZATION"": 50, ""PLACE_DENSITY"": 0.65, ""TAG"": ""mult_ppg_cpa_w4_32_sky130hd_highutil_8c56d3b0""},/workspaces/RTLGen/runs/designs/multipliers/mult4u_normal_ripple_wrapper/work/ee6c4432/result.json",mult_ppg_cpa_w4_32_sky130hd_highutil_8c56d3b0
mult4u_normal_sklansky_wrapper,sky130hd,1.3785,50.0,0.65,6.0,1594.4049,0.000268," ""CORE_UTILIZATION"": 50, ""PLACE_DENSITY"": 0.65, ""TAG"": ""mult_ppg_cpa_w4_32_sky130hd_highutil_8c56d3b0""},/workspaces/RTLGen/runs/designs/multipliers/mult4u_normal_sklansky_wrapper/work/ee6c4432/result.json",mult_ppg_cpa_w4_32_sky130hd_highutil_8c56d3b0
mult8s_booth4_brentkung_wrapper,sky130hd,5.8066,40.0,0.65,6.0,6730.5616,0.00107," ""CORE_UTILIZATION"": 40, ""PLACE_DENSITY"": 0.65, ""TAG"": ""mult_ppg_cpa_w4_32_sky130hd_highutil_8de86181""},/workspaces/RTLGen/runs/designs/multipliers/mult8s_booth4_brentkung_wrapper/work/4c404a8c/result.json",mult_ppg_cpa_w4_32_sky130hd_highutil_8de86181
mult8s_booth4_koggestone_wrapper,sky130hd,4.7215,50.0,0.65,6.0,5959.84,0.00135," ""CORE_UTILIZATION"": 50, ""PLACE_DENSITY"": 0.65, ""TAG"": ""mult_ppg_cpa_w4_32_sky130hd_highutil_8c56d3b0""},/workspaces/RTLGen/runs/designs/multipliers/mult8s_booth4_koggestone_wrapper/work/ee6c4432/result.json",mult_ppg_cpa_w4_32_sky130hd_highutil_8c56d3b0
mult8s_booth4_ripple_wrapper,sky130hd,5.8435,50.0,0.65,6.0,5425.7956,0.00105," ""CORE_UTILIZATION"": 50, ""PLACE_DENSITY"": 0.65, ""TAG"": ""mult_ppg_cpa_w4_32_sky130hd_highutil_8c56d3b0""},/workspaces/RTLGen/runs/designs/multipliers/mult8s_booth4_ripple_wrapper/work/ee6c4432/result.json",mult_ppg_cpa_w4_32_sky130hd_highutil_8c56d3b0
mult8s_booth4_sklansky_wrapper,sky130hd,4.7342,40.0,0.65,6.0,7031.661025,0.00127," ""CORE_UTILIZATION"": 40, ""PLACE_DENSITY"": 0.65, ""TAG"": ""mult_ppg_cpa_w4_32_sky130hd_highutil_8de86181""},/workspaces/RTLGen/runs/designs/multipliers/mult8s_booth4_sklansky_wrapper/work/4c404a8c/result.json",mult_ppg_cpa_w4_32_sky130hd_highutil_8de86181
mult8s_normal_brentkung_wrapper,sky130hd,5.9199,40.0,0.65,6.0,6149.6964,0.00107," ""CORE_UTILIZATION"": 40, ""PLACE_DENSITY"": 0.65, ""TAG"": ""mult_ppg_cpa_w4_32_sky130hd_highutil_8de86181""},/workspaces/RTLGen/runs/designs/multipliers/mult8s_normal_brentkung_wrapper/work/4c404a8c/result.json",mult_ppg_cpa_w4_32_sky130hd_highutil_8de86181
mult8s_normal_koggestone_wrapper,sky130hd,4.1969,40.0,0.65,6.0,6963.9025,0.00135," ""CORE_UTILIZATION"": 40, ""PLACE_DENSITY"": 0.65, ""TAG"": ""mult_ppg_cpa_w4_32_sky130hd_highutil_8de86181""},/workspaces/RTLGen/runs/designs/multipliers/mult8s_normal_koggestone_wrapper/work/4c404a8c/result.json",mult_ppg_cpa_w4_32_sky130hd_highutil_8de86181
mult8s_normal_ripple_wrapper,sky130hd,5.929,40.0,0.65,6.0,5944.41,0.00104," ""CORE_UTILIZATION"": 40, ""PLACE_DENSITY"": 0.65, ""TAG"": ""mult_ppg_cpa_w4_32_sky130hd_highutil_8de86181""},/workspaces/RTLGen/runs/designs/multipliers/mult8s_normal_ripple_wrapper/work/4c404a8c/result.json",mult_ppg_cpa_w4_32_sky130hd_highutil_8de86181
mult8s_normal_sklansky_wrapper,sky130hd,4.3411,40.0,0.65,6.0,6563.430225,0.00119," ""CORE_UTILIZATION"": 40, ""PLACE_DENSITY"": 0.65, ""TAG"": ""mult_ppg_cpa_w4_32_sky130hd_highutil_8de86181""},/workspaces/RTLGen/runs/designs/multipliers/mult8s_normal_sklansky_wrapper/work/4c404a8c/result.json",mult_ppg_cpa_w4_32_sky130hd_highutil_8de86181
mult8u_booth4_brentkung_wrapper,sky130hd,6.2355,40.0,0.65,6.0,7816.3281,0.00129," ""CORE_UTILIZATION"": 40, ""PLACE_DENSITY"": 0.65, ""TAG"": ""mult_ppg_cpa_w4_32_sky130hd_highutil_8de86181""},/workspaces/RTLGen/runs/designs/multipliers/mult8u_booth4_brentkung_wrapper/work/4c404a8c/result.json",mult_ppg_cpa_w4_32_sky130hd_highutil_8de86181
mult8u_booth4_koggestone_wrapper,sky130hd,5.1152,40.0,0.65,6.0,8209.266025,0.00157," ""CORE_UTILIZATION"": 40, ""PLACE_DENSITY"": 0.65, ""TAG"": ""mult_ppg_cpa_w4_32_sky130hd_highutil_8de86181""},/workspaces/RTLGen/runs/designs/multipliers/mult8u_booth4_koggestone_wrapper/work/4c404a8c/result.json",mult_ppg_cpa_w4_32_sky130hd_highutil_8de86181
mult8u_booth4_ripple_wrapper,sky130hd,6.364,40.0,0.65,6.0,6980.6025,0.00117," ""CORE_UTILIZATION"": 40, ""PLACE_DENSITY"": 0.65, ""TAG"": ""mult_ppg_cpa_w4_32_sky130hd_highutil_8de86181""},/workspaces/RTLGen/runs/designs/multipliers/mult8u_booth4_ripple_wrapper/work/4c404a8c/result.json",mult_ppg_cpa_w4_32_sky130hd_highutil_8de86181
mult8u_booth4_sklansky_wrapper,sky130hd,5.0754,40.0,0.65,6.0,7675.5121,0.00134," ""CORE_UTILIZATION"": 40, ""PLACE_DENSITY"": 0.65, ""TAG"": ""mult_ppg_cpa_w4_32_sky130hd_highutil_8de86181""},/workspaces/RTLGen/runs/designs/multipliers/mult8u_booth4_sklansky_wrapper/work/4c404a8c/result.json",mult_ppg_cpa_w4_32_sky130hd_highutil_8de86181
mult8u_normal_brentkung_wrapper,sky130hd,5.9032,40.0,0.65,6.0,6017.880625,0.000971," ""CORE_UTILIZATION"": 40, ""PLACE_DENSITY"": 0.65, ""TAG"": ""mult_ppg_cpa_w4_32_sky130hd_highutil_8de86181""},/workspaces/RTLGen/runs/designs/multipliers/mult8u_normal_brentkung_wrapper/work/4c404a8c/result.json",mult_ppg_cpa_w4_32_sky130hd_highutil_8de86181
mult8u_normal_koggestone_wrapper,sky130hd,4.2615,40.0,0.65,6.0,6515.7184,0.00118," ""CORE_UTILIZATION"": 40, ""PLACE_DENSITY"": 0.65, ""TAG"": ""mult_ppg_cpa_w4_32_sky130hd_highutil_8de86181""},/workspaces/RTLGen/runs/designs/multipliers/mult8u_normal_koggestone_wrapper/work/4c404a8c/result.json",mult_ppg_cpa_w4_32_sky130hd_highutil_8de86181
mult8u_normal_ripple_wrapper,sky130hd,6.0235,40.0,0.65,6.0,5760.81,0.000931," ""CORE_UTILIZATION"": 40, ""PLACE_DENSITY"": 0.65, ""TAG"": ""mult_ppg_cpa_w4_32_sky130hd_highutil_8de86181""},/workspaces/RTLGen/runs/designs/multipliers/mult8u_normal_ripple_wrapper/work/4c404a8c/result.json",mult_ppg_cpa_w4_32_sky130hd_highutil_8de86181
mult8u_normal_sklansky_wrapper,sky130hd,4.1368,50.0,0.65,6.0,5248.278025,0.00109," ""CORE_UTILIZATION"": 50, ""PLACE_DENSITY"": 0.65, ""TAG"": ""mult_ppg_cpa_w4_32_sky130hd_highutil_8c56d3b0""},/workspaces/RTLGen/runs/designs/multipliers/mult8u_normal_sklansky_wrapper/work/ee6c4432/result.json",mult_ppg_cpa_w4_32_sky130hd_highutil_8c56d3b0
