design,platform,core_util,place_density,clock_period,critical_path_ns,die_area,total_power_mw,result_path,tag
mult16s_booth4_brentkung_wrapper,asap7,60.0,0.68,1.0,0.9891209,259.725456,0.258,/workspaces/RTLGen/runs/multipliers/ppg_cpa_widths_4_32/mult16s_booth4_brentkung_wrapper/work/a3bdd812/result.json,mult_ppg_cpa_w4_32_asap7_highutil_c51f6982
mult16s_booth4_koggestone_wrapper,asap7,60.0,0.68,1.0,0.650959,285.136996,0.298,/workspaces/RTLGen/runs/multipliers/ppg_cpa_widths_4_32/mult16s_booth4_koggestone_wrapper/work/a3bdd812/result.json,mult_ppg_cpa_w4_32_asap7_highutil_c51f6982
mult16s_booth4_ripple_wrapper,asap7,60.0,0.68,1.0,1.1158534999999998,257.6025,0.257,/workspaces/RTLGen/runs/multipliers/ppg_cpa_widths_4_32/mult16s_booth4_ripple_wrapper/work/a3bdd812/result.json,mult_ppg_cpa_w4_32_asap7_highutil_c51f6982
mult16s_booth4_sklansky_wrapper,asap7,60.0,0.68,1.0,0.6595488,274.134249,0.258,/workspaces/RTLGen/runs/multipliers/ppg_cpa_widths_4_32/mult16s_booth4_sklansky_wrapper/work/a3bdd812/result.json,mult_ppg_cpa_w4_32_asap7_highutil_c51f6982
mult16s_normal_brentkung_wrapper,asap7,60.0,0.68,1.0,1.0064623,238.826116,0.256,/workspaces/RTLGen/runs/multipliers/ppg_cpa_widths_4_32/mult16s_normal_brentkung_wrapper/work/a3bdd812/result.json,mult_ppg_cpa_w4_32_asap7_highutil_c51f6982
mult16s_normal_koggestone_wrapper,asap7,60.0,0.68,1.0,0.6474225,266.766889,0.274,/workspaces/RTLGen/runs/multipliers/ppg_cpa_widths_4_32/mult16s_normal_koggestone_wrapper/work/a3bdd812/result.json,mult_ppg_cpa_w4_32_asap7_highutil_c51f6982
mult16s_normal_ripple_wrapper,asap7,60.0,0.68,1.0,1.1383044,249.545209,0.216,/workspaces/RTLGen/runs/multipliers/ppg_cpa_widths_4_32/mult16s_normal_ripple_wrapper/work/a3bdd812/result.json,mult_ppg_cpa_w4_32_asap7_highutil_c51f6982
mult16s_normal_sklansky_wrapper,asap7,60.0,0.68,1.0,0.6573555,250.430625,0.253,/workspaces/RTLGen/runs/multipliers/ppg_cpa_widths_4_32/mult16s_normal_sklansky_wrapper/work/a3bdd812/result.json,mult_ppg_cpa_w4_32_asap7_highutil_c51f6982
mult16u_booth4_brentkung_wrapper,asap7,60.0,0.68,1.0,1.109641,272.613121,0.248,/workspaces/RTLGen/runs/multipliers/ppg_cpa_widths_4_32/mult16u_booth4_brentkung_wrapper/work/a3bdd812/result.json,mult_ppg_cpa_w4_32_asap7_highutil_c51f6982
mult16u_booth4_koggestone_wrapper,asap7,60.0,0.68,1.0,0.6681312,291.965569,0.307,/workspaces/RTLGen/runs/multipliers/ppg_cpa_widths_4_32/mult16u_booth4_koggestone_wrapper/work/a3bdd812/result.json,mult_ppg_cpa_w4_32_asap7_highutil_c51f6982
mult16u_booth4_ripple_wrapper,asap7,60.0,0.68,1.0,1.2390787,249.355681,0.252,/workspaces/RTLGen/runs/multipliers/ppg_cpa_widths_4_32/mult16u_booth4_ripple_wrapper/work/a3bdd812/result.json,mult_ppg_cpa_w4_32_asap7_highutil_c51f6982
mult16u_booth4_sklansky_wrapper,asap7,60.0,0.68,1.0,0.6347267000000001,285.711409,0.293,/workspaces/RTLGen/runs/multipliers/ppg_cpa_widths_4_32/mult16u_booth4_sklansky_wrapper/work/a3bdd812/result.json,mult_ppg_cpa_w4_32_asap7_highutil_c51f6982
mult16u_normal_brentkung_wrapper,asap7,60.0,0.68,1.0,1.0214325,238.949764,0.243,/workspaces/RTLGen/runs/multipliers/ppg_cpa_widths_4_32/mult16u_normal_brentkung_wrapper/work/a3bdd812/result.json,mult_ppg_cpa_w4_32_asap7_highutil_c51f6982
mult16u_normal_koggestone_wrapper,asap7,60.0,0.68,1.0,0.6745887,260.241424,0.263,/workspaces/RTLGen/runs/multipliers/ppg_cpa_widths_4_32/mult16u_normal_koggestone_wrapper/work/a3bdd812/result.json,mult_ppg_cpa_w4_32_asap7_highutil_c51f6982
mult16u_normal_ripple_wrapper,asap7,60.0,0.68,1.0,1.1542661,239.0116,0.228,/workspaces/RTLGen/runs/multipliers/ppg_cpa_widths_4_32/mult16u_normal_ripple_wrapper/work/a3bdd812/result.json,mult_ppg_cpa_w4_32_asap7_highutil_c51f6982
mult16u_normal_sklansky_wrapper,asap7,60.0,0.68,1.0,0.6589856,249.387264,0.262,/workspaces/RTLGen/runs/multipliers/ppg_cpa_widths_4_32/mult16u_normal_sklansky_wrapper/work/a3bdd812/result.json,mult_ppg_cpa_w4_32_asap7_highutil_c51f6982
mult32s_booth4_brentkung_wrapper,asap7,60.0,0.68,1.0,1.7181619000000001,814.759936,0.77,/workspaces/RTLGen/runs/multipliers/ppg_cpa_widths_4_32/mult32s_booth4_brentkung_wrapper/work/a3bdd812/result.json,mult_ppg_cpa_w4_32_asap7_highutil_c51f6982
mult32s_booth4_koggestone_wrapper,asap7,60.0,0.68,1.0,0.8766577999999999,869.837049,0.85,/workspaces/RTLGen/runs/multipliers/ppg_cpa_widths_4_32/mult32s_booth4_koggestone_wrapper/work/a3bdd812/result.json,mult_ppg_cpa_w4_32_asap7_highutil_c51f6982
mult32s_booth4_ripple_wrapper,asap7,60.0,0.68,1.0,2.18124,823.345636,0.696,/workspaces/RTLGen/runs/multipliers/ppg_cpa_widths_4_32/mult32s_booth4_ripple_wrapper/work/a3bdd812/result.json,mult_ppg_cpa_w4_32_asap7_highutil_c51f6982
mult32s_booth4_sklansky_wrapper,asap7,60.0,0.68,1.0,0.8880742,839.8404,0.742,/workspaces/RTLGen/runs/multipliers/ppg_cpa_widths_4_32/mult32s_booth4_sklansky_wrapper/work/a3bdd812/result.json,mult_ppg_cpa_w4_32_asap7_highutil_c51f6982
mult32s_normal_brentkung_wrapper,asap7,60.0,0.68,1.0,1.7484149,767.179204,0.7,/workspaces/RTLGen/runs/multipliers/ppg_cpa_widths_4_32/mult32s_normal_brentkung_wrapper/work/a3bdd812/result.json,mult_ppg_cpa_w4_32_asap7_highutil_c51f6982
mult32s_normal_koggestone_wrapper,asap7,60.0,0.68,1.0,0.8810175,818.760996,0.802,/workspaces/RTLGen/runs/multipliers/ppg_cpa_widths_4_32/mult32s_normal_koggestone_wrapper/work/a3bdd812/result.json,mult_ppg_cpa_w4_32_asap7_highutil_c51f6982
mult32s_normal_ripple_wrapper,asap7,60.0,0.68,1.0,2.2238516,764.411904,0.69,/workspaces/RTLGen/runs/multipliers/ppg_cpa_widths_4_32/mult32s_normal_ripple_wrapper/work/a3bdd812/result.json,mult_ppg_cpa_w4_32_asap7_highutil_c51f6982
mult32s_normal_sklansky_wrapper,asap7,60.0,0.68,1.0,0.8811454,790.284544,0.748,/workspaces/RTLGen/runs/multipliers/ppg_cpa_widths_4_32/mult32s_normal_sklansky_wrapper/work/a3bdd812/result.json,mult_ppg_cpa_w4_32_asap7_highutil_c51f6982
mult32u_booth4_brentkung_wrapper,asap7,60.0,0.68,1.0,1.8194466999999999,836.308561,0.788,/workspaces/RTLGen/runs/multipliers/ppg_cpa_widths_4_32/mult32u_booth4_brentkung_wrapper/work/a3bdd812/result.json,mult_ppg_cpa_w4_32_asap7_highutil_c51f6982
mult32u_booth4_koggestone_wrapper,asap7,60.0,0.68,1.0,0.8905637000000001,897.661521,0.859,/workspaces/RTLGen/runs/multipliers/ppg_cpa_widths_4_32/mult32u_booth4_koggestone_wrapper/work/a3bdd812/result.json,mult_ppg_cpa_w4_32_asap7_highutil_c51f6982
mult32u_booth4_ripple_wrapper,asap7,60.0,0.68,1.0,2.2707979,740.275264,0.677,/workspaces/RTLGen/runs/multipliers/ppg_cpa_widths_4_32/mult32u_booth4_ripple_wrapper/work/a3bdd812/result.json,mult_ppg_cpa_w4_32_asap7_highutil_c51f6982
mult32u_booth4_sklansky_wrapper,asap7,60.0,0.68,1.0,0.8919796999999999,862.361956,0.783,/workspaces/RTLGen/runs/multipliers/ppg_cpa_widths_4_32/mult32u_booth4_sklansky_wrapper/work/a3bdd812/result.json,mult_ppg_cpa_w4_32_asap7_highutil_c51f6982
mult32u_normal_brentkung_wrapper,asap7,60.0,0.68,1.0,1.7588419,766.680721,0.705,/workspaces/RTLGen/runs/multipliers/ppg_cpa_widths_4_32/mult32u_normal_brentkung_wrapper/work/a3bdd812/result.json,mult_ppg_cpa_w4_32_asap7_highutil_c51f6982
mult32u_normal_koggestone_wrapper,asap7,60.0,0.68,1.0,0.9237839,818.246025,0.788,/workspaces/RTLGen/runs/multipliers/ppg_cpa_widths_4_32/mult32u_normal_koggestone_wrapper/work/a3bdd812/result.json,mult_ppg_cpa_w4_32_asap7_highutil_c51f6982
mult32u_normal_ripple_wrapper,asap7,60.0,0.68,1.0,2.2102646,757.790784,0.681,/workspaces/RTLGen/runs/multipliers/ppg_cpa_widths_4_32/mult32u_normal_ripple_wrapper/work/a3bdd812/result.json,mult_ppg_cpa_w4_32_asap7_highutil_c51f6982
mult32u_normal_sklansky_wrapper,asap7,60.0,0.68,1.0,0.8728448,792.309904,0.763,/workspaces/RTLGen/runs/multipliers/ppg_cpa_widths_4_32/mult32u_normal_sklansky_wrapper/work/a3bdd812/result.json,mult_ppg_cpa_w4_32_asap7_highutil_c51f6982
mult4s_booth4_brentkung_wrapper,asap7,60.0,0.68,1.0,0.38358909999999996,44.435556,0.0431,/workspaces/RTLGen/runs/multipliers/ppg_cpa_widths_4_32/mult4s_booth4_brentkung_wrapper/work/a3bdd812/result.json,mult_ppg_cpa_w4_32_asap7_highutil_c51f6982
mult4s_booth4_koggestone_wrapper,asap7,60.0,0.68,1.0,0.3426107,48.038761,0.0481,/workspaces/RTLGen/runs/multipliers/ppg_cpa_widths_4_32/mult4s_booth4_koggestone_wrapper/work/a3bdd812/result.json,mult_ppg_cpa_w4_32_asap7_highutil_c51f6982
mult4s_booth4_ripple_wrapper,asap7,60.0,0.68,1.0,0.3677852,42.823936,0.0444,/workspaces/RTLGen/runs/multipliers/ppg_cpa_widths_4_32/mult4s_booth4_ripple_wrapper/work/a3bdd812/result.json,mult_ppg_cpa_w4_32_asap7_highutil_c51f6982
mult4s_booth4_sklansky_wrapper,asap7,60.0,0.68,1.0,0.3379842,46.362481,0.0473,/workspaces/RTLGen/runs/multipliers/ppg_cpa_widths_4_32/mult4s_booth4_sklansky_wrapper/work/a3bdd812/result.json,mult_ppg_cpa_w4_32_asap7_highutil_c51f6982
mult4s_normal_brentkung_wrapper,asap7,60.0,0.68,1.0,0.3550893,36.6025,0.0435,/workspaces/RTLGen/runs/multipliers/ppg_cpa_widths_4_32/mult4s_normal_brentkung_wrapper/work/a3bdd812/result.json,mult_ppg_cpa_w4_32_asap7_highutil_c51f6982
mult4s_normal_koggestone_wrapper,asap7,60.0,0.68,1.0,0.31627710000000003,38.6884,0.0446,/workspaces/RTLGen/runs/multipliers/ppg_cpa_widths_4_32/mult4s_normal_koggestone_wrapper/work/a3bdd812/result.json,mult_ppg_cpa_w4_32_asap7_highutil_c51f6982
mult4s_normal_ripple_wrapper,asap7,60.0,0.68,1.0,0.3434701,36.445369,0.0425,/workspaces/RTLGen/runs/multipliers/ppg_cpa_widths_4_32/mult4s_normal_ripple_wrapper/work/a3bdd812/result.json,mult_ppg_cpa_w4_32_asap7_highutil_c51f6982
mult4s_normal_sklansky_wrapper,asap7,60.0,0.68,1.0,0.3238331,37.173409,0.041,/workspaces/RTLGen/runs/multipliers/ppg_cpa_widths_4_32/mult4s_normal_sklansky_wrapper/work/a3bdd812/result.json,mult_ppg_cpa_w4_32_asap7_highutil_c51f6982
mult4u_booth4_brentkung_wrapper,asap7,60.0,0.68,1.0,0.41113010000000005,45.468049,0.0476,/workspaces/RTLGen/runs/multipliers/ppg_cpa_widths_4_32/mult4u_booth4_brentkung_wrapper/work/a3bdd812/result.json,mult_ppg_cpa_w4_32_asap7_highutil_c51f6982
mult4u_booth4_koggestone_wrapper,asap7,60.0,0.68,1.0,0.3338333,49.1401,0.0507,/workspaces/RTLGen/runs/multipliers/ppg_cpa_widths_4_32/mult4u_booth4_koggestone_wrapper/work/a3bdd812/result.json,mult_ppg_cpa_w4_32_asap7_highutil_c51f6982
mult4u_booth4_ripple_wrapper,asap7,60.0,0.68,1.0,0.4062448,44.849809,0.0465,/workspaces/RTLGen/runs/multipliers/ppg_cpa_widths_4_32/mult4u_booth4_ripple_wrapper/work/a3bdd812/result.json,mult_ppg_cpa_w4_32_asap7_highutil_c51f6982
mult4u_booth4_sklansky_wrapper,asap7,60.0,0.68,1.0,0.3107211,47.430769,0.0487,/workspaces/RTLGen/runs/multipliers/ppg_cpa_widths_4_32/mult4u_booth4_sklansky_wrapper/work/a3bdd812/result.json,mult_ppg_cpa_w4_32_asap7_highutil_c51f6982
mult4u_normal_brentkung_wrapper,asap7,60.0,0.68,1.0,0.2913962,36.192256,0.0394,/workspaces/RTLGen/runs/multipliers/ppg_cpa_widths_4_32/mult4u_normal_brentkung_wrapper/work/a3bdd812/result.json,mult_ppg_cpa_w4_32_asap7_highutil_c51f6982
mult4u_normal_koggestone_wrapper,asap7,60.0,0.68,1.0,0.2900793,38.539264,0.0446,/workspaces/RTLGen/runs/multipliers/ppg_cpa_widths_4_32/mult4u_normal_koggestone_wrapper/work/a3bdd812/result.json,mult_ppg_cpa_w4_32_asap7_highutil_c51f6982
mult4u_normal_ripple_wrapper,asap7,60.0,0.68,1.0,0.32184480000000004,35.940025,0.042,/workspaces/RTLGen/runs/multipliers/ppg_cpa_widths_4_32/mult4u_normal_ripple_wrapper/work/a3bdd812/result.json,mult_ppg_cpa_w4_32_asap7_highutil_c51f6982
mult4u_normal_sklansky_wrapper,asap7,60.0,0.68,1.0,0.3065929,36.990724,0.0432,/workspaces/RTLGen/runs/multipliers/ppg_cpa_widths_4_32/mult4u_normal_sklansky_wrapper/work/a3bdd812/result.json,mult_ppg_cpa_w4_32_asap7_highutil_c51f6982
mult8s_booth4_brentkung_wrapper,asap7,60.0,0.68,1.0,0.6241939999999999,99.380961,0.105,/workspaces/RTLGen/runs/multipliers/ppg_cpa_widths_4_32/mult8s_booth4_brentkung_wrapper/work/a3bdd812/result.json,mult_ppg_cpa_w4_32_asap7_highutil_c51f6982
mult8s_booth4_koggestone_wrapper,asap7,60.0,0.68,1.0,0.4880528,112.021056,0.111,/workspaces/RTLGen/runs/multipliers/ppg_cpa_widths_4_32/mult8s_booth4_koggestone_wrapper/work/a3bdd812/result.json,mult_ppg_cpa_w4_32_asap7_highutil_c51f6982
mult8s_booth4_ripple_wrapper,asap7,60.0,0.68,1.0,0.6173989,96.589584,0.0922,/workspaces/RTLGen/runs/multipliers/ppg_cpa_widths_4_32/mult8s_booth4_ripple_wrapper/work/a3bdd812/result.json,mult_ppg_cpa_w4_32_asap7_highutil_c51f6982
mult8s_booth4_sklansky_wrapper,asap7,60.0,0.68,1.0,0.4696494,105.144516,0.112,/workspaces/RTLGen/runs/multipliers/ppg_cpa_widths_4_32/mult8s_booth4_sklansky_wrapper/work/a3bdd812/result.json,mult_ppg_cpa_w4_32_asap7_highutil_c51f6982
mult8s_normal_brentkung_wrapper,asap7,60.0,0.68,1.0,0.6138193,86.657481,0.12,/workspaces/RTLGen/runs/multipliers/ppg_cpa_widths_4_32/mult8s_normal_brentkung_wrapper/work/a3bdd812/result.json,mult_ppg_cpa_w4_32_asap7_highutil_c51f6982
mult8s_normal_koggestone_wrapper,asap7,60.0,0.68,1.0,0.5039784,97.831881,0.112,/workspaces/RTLGen/runs/multipliers/ppg_cpa_widths_4_32/mult8s_normal_koggestone_wrapper/work/a3bdd812/result.json,mult_ppg_cpa_w4_32_asap7_highutil_c51f6982
mult8s_normal_ripple_wrapper,asap7,60.0,0.68,1.0,0.6076206,88.7364,0.118,/workspaces/RTLGen/runs/multipliers/ppg_cpa_widths_4_32/mult8s_normal_ripple_wrapper/work/a3bdd812/result.json,mult_ppg_cpa_w4_32_asap7_highutil_c51f6982
mult8s_normal_sklansky_wrapper,asap7,60.0,0.68,1.0,0.4851742,93.161104,0.0983,/workspaces/RTLGen/runs/multipliers/ppg_cpa_widths_4_32/mult8s_normal_sklansky_wrapper/work/a3bdd812/result.json,mult_ppg_cpa_w4_32_asap7_highutil_c51f6982
mult8u_booth4_brentkung_wrapper,asap7,60.0,0.68,1.0,0.7251295,103.205281,0.106,/workspaces/RTLGen/runs/multipliers/ppg_cpa_widths_4_32/mult8u_booth4_brentkung_wrapper/work/a3bdd812/result.json,mult_ppg_cpa_w4_32_asap7_highutil_c51f6982
mult8u_booth4_koggestone_wrapper,asap7,60.0,0.68,1.0,0.5347693,109.244304,0.113,/workspaces/RTLGen/runs/multipliers/ppg_cpa_widths_4_32/mult8u_booth4_koggestone_wrapper/work/a3bdd812/result.json,mult_ppg_cpa_w4_32_asap7_highutil_c51f6982
mult8u_booth4_ripple_wrapper,asap7,60.0,0.68,1.0,0.7013386,98.267569,0.102,/workspaces/RTLGen/runs/multipliers/ppg_cpa_widths_4_32/mult8u_booth4_ripple_wrapper/work/a3bdd812/result.json,mult_ppg_cpa_w4_32_asap7_highutil_c51f6982
mult8u_booth4_sklansky_wrapper,asap7,60.0,0.68,1.0,0.5199881000000001,108.430569,0.108,/workspaces/RTLGen/runs/multipliers/ppg_cpa_widths_4_32/mult8u_booth4_sklansky_wrapper/work/a3bdd812/result.json,mult_ppg_cpa_w4_32_asap7_highutil_c51f6982
mult8u_normal_brentkung_wrapper,asap7,60.0,0.68,1.0,0.595315,87.216921,0.109,/workspaces/RTLGen/runs/multipliers/ppg_cpa_widths_4_32/mult8u_normal_brentkung_wrapper/work/a3bdd812/result.json,mult_ppg_cpa_w4_32_asap7_highutil_c51f6982
mult8u_normal_koggestone_wrapper,asap7,60.0,0.68,1.0,0.4968664,94.906564,0.0992,/workspaces/RTLGen/runs/multipliers/ppg_cpa_widths_4_32/mult8u_normal_koggestone_wrapper/work/a3bdd812/result.json,mult_ppg_cpa_w4_32_asap7_highutil_c51f6982
mult8u_normal_ripple_wrapper,asap7,60.0,0.68,1.0,0.5938963,90.706576,0.117,/workspaces/RTLGen/runs/multipliers/ppg_cpa_widths_4_32/mult8u_normal_ripple_wrapper/work/a3bdd812/result.json,mult_ppg_cpa_w4_32_asap7_highutil_c51f6982
mult8u_normal_sklansky_wrapper,asap7,60.0,0.68,1.0,0.4743977,93.993025,0.102,/workspaces/RTLGen/runs/multipliers/ppg_cpa_widths_4_32/mult8u_normal_sklansky_wrapper/work/a3bdd812/result.json,mult_ppg_cpa_w4_32_asap7_highutil_c51f6982
mult16s_booth4_brentkung_wrapper,nangate45,60.0,0.68,2.5,0.1963,3071.3764,0.00211,/workspaces/RTLGen/runs/multipliers/ppg_cpa_widths_4_32/mult16s_booth4_brentkung_wrapper/work/84032167/result.json,mult_ppg_cpa_w4_32_nangate45_highutil_da64be35
mult16s_booth4_koggestone_wrapper,nangate45,60.0,0.68,2.5,0.1939,3312.0025,0.00321,/workspaces/RTLGen/runs/multipliers/ppg_cpa_widths_4_32/mult16s_booth4_koggestone_wrapper/work/84032167/result.json,mult_ppg_cpa_w4_32_nangate45_highutil_da64be35
mult16s_booth4_ripple_wrapper,nangate45,60.0,0.68,2.5,2.4849,3228.5124,0.00192,/workspaces/RTLGen/runs/multipliers/ppg_cpa_widths_4_32/mult16s_booth4_ripple_wrapper/work/84032167/result.json,mult_ppg_cpa_w4_32_nangate45_highutil_da64be35
mult16s_booth4_sklansky_wrapper,nangate45,60.0,0.68,2.5,0.1986,3146.649025,0.00271,/workspaces/RTLGen/runs/multipliers/ppg_cpa_widths_4_32/mult16s_booth4_sklansky_wrapper/work/84032167/result.json,mult_ppg_cpa_w4_32_nangate45_highutil_da64be35
mult16s_normal_brentkung_wrapper,nangate45,60.0,0.68,2.5,2.2636,3174.1956,0.00241,/workspaces/RTLGen/runs/multipliers/ppg_cpa_widths_4_32/mult16s_normal_brentkung_wrapper/work/84032167/result.json,mult_ppg_cpa_w4_32_nangate45_highutil_da64be35
mult16s_normal_koggestone_wrapper,nangate45,60.0,0.68,2.5,0.1954,3519.455625,0.00417,/workspaces/RTLGen/runs/multipliers/ppg_cpa_widths_4_32/mult16s_normal_koggestone_wrapper/work/84032167/result.json,mult_ppg_cpa_w4_32_nangate45_highutil_da64be35
mult16s_normal_ripple_wrapper,nangate45,60.0,0.68,2.5,2.5346,3262.6944,0.00214,/workspaces/RTLGen/runs/multipliers/ppg_cpa_widths_4_32/mult16s_normal_ripple_wrapper/work/84032167/result.json,mult_ppg_cpa_w4_32_nangate45_highutil_da64be35
mult16s_normal_sklansky_wrapper,nangate45,60.0,0.68,2.5,0.2004,3286.155625,0.00313,/workspaces/RTLGen/runs/multipliers/ppg_cpa_widths_4_32/mult16s_normal_sklansky_wrapper/work/84032167/result.json,mult_ppg_cpa_w4_32_nangate45_highutil_da64be35
mult16u_booth4_brentkung_wrapper,nangate45,60.0,0.68,2.5,2.4281,3285.5824,0.00243,/workspaces/RTLGen/runs/multipliers/ppg_cpa_widths_4_32/mult16u_booth4_brentkung_wrapper/work/84032167/result.json,mult_ppg_cpa_w4_32_nangate45_highutil_da64be35
mult16u_booth4_koggestone_wrapper,nangate45,60.0,0.68,2.5,0.1941,3487.493025,0.00364,/workspaces/RTLGen/runs/multipliers/ppg_cpa_widths_4_32/mult16u_booth4_koggestone_wrapper/work/84032167/result.json,mult_ppg_cpa_w4_32_nangate45_highutil_da64be35
mult16u_booth4_ripple_wrapper,nangate45,60.0,0.68,2.5,2.6389,3496.948225,0.00221,/workspaces/RTLGen/runs/multipliers/ppg_cpa_widths_4_32/mult16u_booth4_ripple_wrapper/work/84032167/result.json,mult_ppg_cpa_w4_32_nangate45_highutil_da64be35
mult16u_booth4_sklansky_wrapper,nangate45,60.0,0.68,2.5,0.1943,3372.1249,0.00332,/workspaces/RTLGen/runs/multipliers/ppg_cpa_widths_4_32/mult16u_booth4_sklansky_wrapper/work/84032167/result.json,mult_ppg_cpa_w4_32_nangate45_highutil_da64be35
mult16u_normal_brentkung_wrapper,nangate45,60.0,0.68,2.5,2.3081,3165.750225,0.0024,/workspaces/RTLGen/runs/multipliers/ppg_cpa_widths_4_32/mult16u_normal_brentkung_wrapper/work/84032167/result.json,mult_ppg_cpa_w4_32_nangate45_highutil_da64be35
mult16u_normal_koggestone_wrapper,nangate45,60.0,0.68,2.5,0.1943,3495.765625,0.00382,/workspaces/RTLGen/runs/multipliers/ppg_cpa_widths_4_32/mult16u_normal_koggestone_wrapper/work/84032167/result.json,mult_ppg_cpa_w4_32_nangate45_highutil_da64be35
mult16u_normal_ripple_wrapper,nangate45,60.0,0.68,2.5,2.5513,3229.6489,0.00207,/workspaces/RTLGen/runs/multipliers/ppg_cpa_widths_4_32/mult16u_normal_ripple_wrapper/work/84032167/result.json,mult_ppg_cpa_w4_32_nangate45_highutil_da64be35
mult16u_normal_sklansky_wrapper,nangate45,60.0,0.68,2.5,0.1996,3330.4441,0.00333,/workspaces/RTLGen/runs/multipliers/ppg_cpa_widths_4_32/mult16u_normal_sklansky_wrapper/work/84032167/result.json,mult_ppg_cpa_w4_32_nangate45_highutil_da64be35
mult32s_booth4_brentkung_wrapper,nangate45,60.0,0.68,2.5,3.6196,10418.2849,0.0157,/workspaces/RTLGen/runs/multipliers/ppg_cpa_widths_4_32/mult32s_booth4_brentkung_wrapper/work/84032167/result.json,mult_ppg_cpa_w4_32_nangate45_highutil_da64be35
mult32s_booth4_koggestone_wrapper,nangate45,60.0,0.68,2.5,0.2307,10972.5625,0.0263,/workspaces/RTLGen/runs/multipliers/ppg_cpa_widths_4_32/mult32s_booth4_koggestone_wrapper/work/84032167/result.json,mult_ppg_cpa_w4_32_nangate45_highutil_da64be35
mult32s_booth4_ripple_wrapper,nangate45,60.0,0.68,2.5,4.8042,10801.4449,0.013,/workspaces/RTLGen/runs/multipliers/ppg_cpa_widths_4_32/mult32s_booth4_ripple_wrapper/work/84032167/result.json,mult_ppg_cpa_w4_32_nangate45_highutil_da64be35
mult32s_booth4_sklansky_wrapper,nangate45,60.0,0.68,2.5,0.2295,10589.439025,0.0198,/workspaces/RTLGen/runs/multipliers/ppg_cpa_widths_4_32/mult32s_booth4_sklansky_wrapper/work/84032167/result.json,mult_ppg_cpa_w4_32_nangate45_highutil_da64be35
mult32s_normal_brentkung_wrapper,nangate45,60.0,0.68,2.5,3.7249,11401.9684,0.0185,/workspaces/RTLGen/runs/multipliers/ppg_cpa_widths_4_32/mult32s_normal_brentkung_wrapper/work/84032167/result.json,mult_ppg_cpa_w4_32_nangate45_highutil_da64be35
mult32s_normal_koggestone_wrapper,nangate45,60.0,0.68,2.5,0.2309,12127.515625,0.0321,/workspaces/RTLGen/runs/multipliers/ppg_cpa_widths_4_32/mult32s_normal_koggestone_wrapper/work/84032167/result.json,mult_ppg_cpa_w4_32_nangate45_highutil_da64be35
mult32s_normal_ripple_wrapper,nangate45,60.0,0.68,2.5,4.9395,12078.01,0.0151,/workspaces/RTLGen/runs/multipliers/ppg_cpa_widths_4_32/mult32s_normal_ripple_wrapper/work/84032167/result.json,mult_ppg_cpa_w4_32_nangate45_highutil_da64be35
mult32s_normal_sklansky_wrapper,nangate45,60.0,0.68,2.5,0.2436,11692.0969,0.0241,/workspaces/RTLGen/runs/multipliers/ppg_cpa_widths_4_32/mult32s_normal_sklansky_wrapper/work/84032167/result.json,mult_ppg_cpa_w4_32_nangate45_highutil_da64be35
mult32u_booth4_brentkung_wrapper,nangate45,60.0,0.68,2.5,3.7335,10909.8025,0.0171,/workspaces/RTLGen/runs/multipliers/ppg_cpa_widths_4_32/mult32u_booth4_brentkung_wrapper/work/84032167/result.json,mult_ppg_cpa_w4_32_nangate45_highutil_da64be35
mult32u_booth4_koggestone_wrapper,nangate45,60.0,0.68,2.5,0.239,11437.233025,0.028,/workspaces/RTLGen/runs/multipliers/ppg_cpa_widths_4_32/mult32u_booth4_koggestone_wrapper/work/84032167/result.json,mult_ppg_cpa_w4_32_nangate45_highutil_da64be35
mult32u_booth4_ripple_wrapper,nangate45,60.0,0.68,2.5,4.8831,10921.295025,0.0139,/workspaces/RTLGen/runs/multipliers/ppg_cpa_widths_4_32/mult32u_booth4_ripple_wrapper/work/84032167/result.json,mult_ppg_cpa_w4_32_nangate45_highutil_da64be35
mult32u_booth4_sklansky_wrapper,nangate45,60.0,0.68,2.5,0.236,10974.6576,0.0214,/workspaces/RTLGen/runs/multipliers/ppg_cpa_widths_4_32/mult32u_booth4_sklansky_wrapper/work/84032167/result.json,mult_ppg_cpa_w4_32_nangate45_highutil_da64be35
mult32u_normal_brentkung_wrapper,nangate45,60.0,0.68,2.5,3.7278,11405.172025,0.0189,/workspaces/RTLGen/runs/multipliers/ppg_cpa_widths_4_32/mult32u_normal_brentkung_wrapper/work/84032167/result.json,mult_ppg_cpa_w4_32_nangate45_highutil_da64be35
mult32u_normal_koggestone_wrapper,nangate45,60.0,0.68,2.5,0.2407,11997.916225,0.0302,/workspaces/RTLGen/runs/multipliers/ppg_cpa_widths_4_32/mult32u_normal_koggestone_wrapper/work/84032167/result.json,mult_ppg_cpa_w4_32_nangate45_highutil_da64be35
mult32u_normal_ripple_wrapper,nangate45,60.0,0.68,2.5,5.0025,11767.9104,0.015,/workspaces/RTLGen/runs/multipliers/ppg_cpa_widths_4_32/mult32u_normal_ripple_wrapper/work/84032167/result.json,mult_ppg_cpa_w4_32_nangate45_highutil_da64be35
mult32u_normal_sklansky_wrapper,nangate45,60.0,0.68,2.5,0.2368,11689.9344,0.0246,/workspaces/RTLGen/runs/multipliers/ppg_cpa_widths_4_32/mult32u_normal_sklansky_wrapper/work/84032167/result.json,mult_ppg_cpa_w4_32_nangate45_highutil_da64be35
mult4s_booth4_brentkung_wrapper,nangate45,60.0,0.68,2.5,0.1671,382.789225,0.000116,/workspaces/RTLGen/runs/multipliers/ppg_cpa_widths_4_32/mult4s_booth4_brentkung_wrapper/work/84032167/result.json,mult_ppg_cpa_w4_32_nangate45_highutil_da64be35
mult4s_booth4_koggestone_wrapper,nangate45,60.0,0.68,2.5,0.1694,408.04,0.000128,/workspaces/RTLGen/runs/multipliers/ppg_cpa_widths_4_32/mult4s_booth4_koggestone_wrapper/work/84032167/result.json,mult_ppg_cpa_w4_32_nangate45_highutil_da64be35
mult4s_booth4_ripple_wrapper,nangate45,60.0,0.68,2.5,0.1686,368.064225,0.000113,/workspaces/RTLGen/runs/multipliers/ppg_cpa_widths_4_32/mult4s_booth4_ripple_wrapper/work/84032167/result.json,mult_ppg_cpa_w4_32_nangate45_highutil_da64be35
mult4s_booth4_sklansky_wrapper,nangate45,60.0,0.68,2.5,0.1685,391.2484,0.000127,/workspaces/RTLGen/runs/multipliers/ppg_cpa_widths_4_32/mult4s_booth4_sklansky_wrapper/work/84032167/result.json,mult_ppg_cpa_w4_32_nangate45_highutil_da64be35
mult4s_normal_brentkung_wrapper,nangate45,50.0,0.68,2.5,0.1696,368.064225,0.000104,/workspaces/RTLGen/runs/multipliers/ppg_cpa_widths_4_32/mult4s_normal_brentkung_wrapper/work/39ca4667/result.json,mult_ppg_cpa_w4_32_nangate45_highutil_87b48795
mult4s_normal_koggestone_wrapper,nangate45,50.0,0.68,2.5,0.1688,397.6036,0.000111,/workspaces/RTLGen/runs/multipliers/ppg_cpa_widths_4_32/mult4s_normal_koggestone_wrapper/work/39ca4667/result.json,mult_ppg_cpa_w4_32_nangate45_highutil_87b48795
mult4s_normal_ripple_wrapper,nangate45,50.0,0.68,2.5,0.1672,351.375025,9.76e-05,/workspaces/RTLGen/runs/multipliers/ppg_cpa_widths_4_32/mult4s_normal_ripple_wrapper/work/39ca4667/result.json,mult_ppg_cpa_w4_32_nangate45_highutil_87b48795
mult4s_normal_sklansky_wrapper,nangate45,50.0,0.68,2.5,0.1687,386.9089,0.00011,/workspaces/RTLGen/runs/multipliers/ppg_cpa_widths_4_32/mult4s_normal_sklansky_wrapper/work/39ca4667/result.json,mult_ppg_cpa_w4_32_nangate45_highutil_87b48795
mult4u_booth4_brentkung_wrapper,nangate45,60.0,0.68,2.5,0.168,394.221025,0.00013,/workspaces/RTLGen/runs/multipliers/ppg_cpa_widths_4_32/mult4u_booth4_brentkung_wrapper/work/84032167/result.json,mult_ppg_cpa_w4_32_nangate45_highutil_da64be35
mult4u_booth4_koggestone_wrapper,nangate45,60.0,0.68,2.5,0.168,416.772225,0.00014,/workspaces/RTLGen/runs/multipliers/ppg_cpa_widths_4_32/mult4u_booth4_koggestone_wrapper/work/84032167/result.json,mult_ppg_cpa_w4_32_nangate45_highutil_da64be35
mult4u_booth4_ripple_wrapper,nangate45,60.0,0.68,2.5,0.1694,379.275625,0.000125,/workspaces/RTLGen/runs/multipliers/ppg_cpa_widths_4_32/mult4u_booth4_ripple_wrapper/work/84032167/result.json,mult_ppg_cpa_w4_32_nangate45_highutil_da64be35
mult4u_booth4_sklansky_wrapper,nangate45,60.0,0.68,2.5,0.1687,414.326025,0.000142,/workspaces/RTLGen/runs/multipliers/ppg_cpa_widths_4_32/mult4u_booth4_sklansky_wrapper/work/84032167/result.json,mult_ppg_cpa_w4_32_nangate45_highutil_da64be35
mult4u_normal_brentkung_wrapper,nangate45,50.0,0.68,2.5,0.1681,356.643225,8.85e-05,/workspaces/RTLGen/runs/multipliers/ppg_cpa_widths_4_32/mult4u_normal_brentkung_wrapper/work/39ca4667/result.json,mult_ppg_cpa_w4_32_nangate45_highutil_87b48795
mult4u_normal_koggestone_wrapper,nangate45,50.0,0.68,2.5,0.1671,395.2144,9.43e-05,/workspaces/RTLGen/runs/multipliers/ppg_cpa_widths_4_32/mult4u_normal_koggestone_wrapper/work/39ca4667/result.json,mult_ppg_cpa_w4_32_nangate45_highutil_87b48795
mult4u_normal_ripple_wrapper,nangate45,45.0,0.65,2.5,0.1677,379.4704,8.48e-05,/workspaces/RTLGen/runs/multipliers/ppg_cpa_widths_4_32/mult4u_normal_ripple_wrapper/work/320551ce/result.json,mult4u_normal_ripple_n45_relaxed_99366b7a
mult4u_normal_sklansky_wrapper,nangate45,50.0,0.68,2.5,0.1675,375.778225,8.98e-05,/workspaces/RTLGen/runs/multipliers/ppg_cpa_widths_4_32/mult4u_normal_sklansky_wrapper/work/39ca4667/result.json,mult_ppg_cpa_w4_32_nangate45_highutil_87b48795
mult8s_booth4_brentkung_wrapper,nangate45,60.0,0.68,2.5,0.1793,1030.731025,0.000435,/workspaces/RTLGen/runs/multipliers/ppg_cpa_widths_4_32/mult8s_booth4_brentkung_wrapper/work/84032167/result.json,mult_ppg_cpa_w4_32_nangate45_highutil_da64be35
mult8s_booth4_koggestone_wrapper,nangate45,60.0,0.68,2.5,0.1755,1148.5321,0.000596,/workspaces/RTLGen/runs/multipliers/ppg_cpa_widths_4_32/mult8s_booth4_koggestone_wrapper/work/84032167/result.json,mult_ppg_cpa_w4_32_nangate45_highutil_da64be35
mult8s_booth4_ripple_wrapper,nangate45,60.0,0.68,2.5,0.1786,1007.4276,0.000418,/workspaces/RTLGen/runs/multipliers/ppg_cpa_widths_4_32/mult8s_booth4_ripple_wrapper/work/84032167/result.json,mult_ppg_cpa_w4_32_nangate45_highutil_da64be35
mult8s_booth4_sklansky_wrapper,nangate45,60.0,0.68,2.5,0.1761,1060.479225,0.000515,/workspaces/RTLGen/runs/multipliers/ppg_cpa_widths_4_32/mult8s_booth4_sklansky_wrapper/work/84032167/result.json,mult_ppg_cpa_w4_32_nangate45_highutil_da64be35
mult8s_normal_brentkung_wrapper,nangate45,60.0,0.68,2.5,0.1792,953.265625,0.000428,/workspaces/RTLGen/runs/multipliers/ppg_cpa_widths_4_32/mult8s_normal_brentkung_wrapper/work/84032167/result.json,mult_ppg_cpa_w4_32_nangate45_highutil_da64be35
mult8s_normal_koggestone_wrapper,nangate45,60.0,0.68,2.5,0.1766,1109.5561,0.00065,/workspaces/RTLGen/runs/multipliers/ppg_cpa_widths_4_32/mult8s_normal_koggestone_wrapper/work/84032167/result.json,mult_ppg_cpa_w4_32_nangate45_highutil_da64be35
mult8s_normal_ripple_wrapper,nangate45,60.0,0.68,2.5,0.1795,930.25,0.000389,/workspaces/RTLGen/runs/multipliers/ppg_cpa_widths_4_32/mult8s_normal_ripple_wrapper/work/84032167/result.json,mult_ppg_cpa_w4_32_nangate45_highutil_da64be35
mult8s_normal_sklansky_wrapper,nangate45,60.0,0.68,2.5,0.1778,1001.406025,0.000515,/workspaces/RTLGen/runs/multipliers/ppg_cpa_widths_4_32/mult8s_normal_sklansky_wrapper/work/84032167/result.json,mult_ppg_cpa_w4_32_nangate45_highutil_da64be35
mult8u_booth4_brentkung_wrapper,nangate45,60.0,0.68,2.5,0.1782,1150.905625,0.000507,/workspaces/RTLGen/runs/multipliers/ppg_cpa_widths_4_32/mult8u_booth4_brentkung_wrapper/work/84032167/result.json,mult_ppg_cpa_w4_32_nangate45_highutil_da64be35
mult8u_booth4_koggestone_wrapper,nangate45,60.0,0.68,2.5,0.1771,1197.8521,0.000677,/workspaces/RTLGen/runs/multipliers/ppg_cpa_widths_4_32/mult8u_booth4_koggestone_wrapper/work/84032167/result.json,mult_ppg_cpa_w4_32_nangate45_highutil_da64be35
mult8u_booth4_ripple_wrapper,nangate45,60.0,0.68,2.5,0.1772,1077.480625,0.000469,/workspaces/RTLGen/runs/multipliers/ppg_cpa_widths_4_32/mult8u_booth4_ripple_wrapper/work/84032167/result.json,mult_ppg_cpa_w4_32_nangate45_highutil_da64be35
mult8u_booth4_sklansky_wrapper,nangate45,60.0,0.68,2.5,0.1767,1135.0161,0.000597,/workspaces/RTLGen/runs/multipliers/ppg_cpa_widths_4_32/mult8u_booth4_sklansky_wrapper/work/84032167/result.json,mult_ppg_cpa_w4_32_nangate45_highutil_da64be35
mult8u_normal_brentkung_wrapper,nangate45,60.0,0.68,2.5,0.1804,942.183025,0.000392,/workspaces/RTLGen/runs/multipliers/ppg_cpa_widths_4_32/mult8u_normal_brentkung_wrapper/work/84032167/result.json,mult_ppg_cpa_w4_32_nangate45_highutil_da64be35
mult8u_normal_koggestone_wrapper,nangate45,60.0,0.68,2.5,0.1756,1063.086025,0.000512,/workspaces/RTLGen/runs/multipliers/ppg_cpa_widths_4_32/mult8u_normal_koggestone_wrapper/work/84032167/result.json,mult_ppg_cpa_w4_32_nangate45_highutil_da64be35
mult8u_normal_ripple_wrapper,nangate45,60.0,0.68,2.5,0.1786,1009.650625,0.000364,/workspaces/RTLGen/runs/multipliers/ppg_cpa_widths_4_32/mult8u_normal_ripple_wrapper/work/84032167/result.json,mult_ppg_cpa_w4_32_nangate45_highutil_da64be35
mult8u_normal_sklansky_wrapper,nangate45,60.0,0.68,2.5,0.1798,1022.400625,0.000464,/workspaces/RTLGen/runs/multipliers/ppg_cpa_widths_4_32/mult8u_normal_sklansky_wrapper/work/84032167/result.json,mult_ppg_cpa_w4_32_nangate45_highutil_da64be35
mult16s_booth4_brentkung_wrapper,sky130hd,50.0,0.65,6.0,9.2803,17178.034225,0.0067,/workspaces/RTLGen/runs/multipliers/ppg_cpa_widths_4_32/mult16s_booth4_brentkung_wrapper/work/ee6c4432/result.json,mult_ppg_cpa_w4_32_sky130hd_highutil_8c56d3b0
mult16s_booth4_koggestone_wrapper,sky130hd,50.0,0.65,6.0,5.9629,18520.4881,0.0065,/workspaces/RTLGen/runs/multipliers/ppg_cpa_widths_4_32/mult16s_booth4_koggestone_wrapper/work/ee6c4432/result.json,mult_ppg_cpa_w4_32_sky130hd_highutil_8c56d3b0
mult16s_booth4_ripple_wrapper,sky130hd,50.0,0.65,6.0,10.7916,17585.4121,0.00392,/workspaces/RTLGen/runs/multipliers/ppg_cpa_widths_4_32/mult16s_booth4_ripple_wrapper/work/ee6c4432/result.json,mult_ppg_cpa_w4_32_sky130hd_highutil_8c56d3b0
mult16s_booth4_sklansky_wrapper,sky130hd,50.0,0.65,6.0,5.7786,17635.84,0.00547,/workspaces/RTLGen/runs/multipliers/ppg_cpa_widths_4_32/mult16s_booth4_sklansky_wrapper/work/ee6c4432/result.json,mult_ppg_cpa_w4_32_sky130hd_highutil_8c56d3b0
mult16s_normal_brentkung_wrapper,sky130hd,50.0,0.65,6.0,9.8977,17702.3025,0.00525,/workspaces/RTLGen/runs/multipliers/ppg_cpa_widths_4_32/mult16s_normal_brentkung_wrapper/work/ee6c4432/result.json,mult_ppg_cpa_w4_32_sky130hd_highutil_8c56d3b0
mult16s_normal_koggestone_wrapper,sky130hd,50.0,0.65,6.0,5.9735,18706.0329,0.00714,/workspaces/RTLGen/runs/multipliers/ppg_cpa_widths_4_32/mult16s_normal_koggestone_wrapper/work/ee6c4432/result.json,mult_ppg_cpa_w4_32_sky130hd_highutil_8c56d3b0
mult16s_normal_ripple_wrapper,sky130hd,50.0,0.65,6.0,11.5504,17427.960225,0.00427,/workspaces/RTLGen/runs/multipliers/ppg_cpa_widths_4_32/mult16s_normal_ripple_wrapper/work/ee6c4432/result.json,mult_ppg_cpa_w4_32_sky130hd_highutil_8c56d3b0
mult16s_normal_sklansky_wrapper,sky130hd,50.0,0.65,6.0,5.9549,18129.276025,0.00582,/workspaces/RTLGen/runs/multipliers/ppg_cpa_widths_4_32/mult16s_normal_sklansky_wrapper/work/ee6c4432/result.json,mult_ppg_cpa_w4_32_sky130hd_highutil_8c56d3b0
mult16u_booth4_brentkung_wrapper,sky130hd,50.0,0.65,6.0,10.0226,18433.4929,0.00549,/workspaces/RTLGen/runs/multipliers/ppg_cpa_widths_4_32/mult16u_booth4_brentkung_wrapper/work/ee6c4432/result.json,mult_ppg_cpa_w4_32_sky130hd_highutil_8c56d3b0
mult16u_booth4_koggestone_wrapper,sky130hd,50.0,0.65,6.0,5.8082,19650.4324,0.0076,/workspaces/RTLGen/runs/multipliers/ppg_cpa_widths_4_32/mult16u_booth4_koggestone_wrapper/work/ee6c4432/result.json,mult_ppg_cpa_w4_32_sky130hd_highutil_8c56d3b0
mult16u_booth4_ripple_wrapper,sky130hd,50.0,0.65,6.0,11.9331,17895.750625,0.00444,/workspaces/RTLGen/runs/multipliers/ppg_cpa_widths_4_32/mult16u_booth4_ripple_wrapper/work/ee6c4432/result.json,mult_ppg_cpa_w4_32_sky130hd_highutil_8c56d3b0
mult16u_booth4_sklansky_wrapper,sky130hd,50.0,0.65,6.0,5.9468,18948.899025,0.00613,/workspaces/RTLGen/runs/multipliers/ppg_cpa_widths_4_32/mult16u_booth4_sklansky_wrapper/work/ee6c4432/result.json,mult_ppg_cpa_w4_32_sky130hd_highutil_8c56d3b0
mult16u_normal_brentkung_wrapper,sky130hd,50.0,0.65,6.0,10.0389,17582.76,0.00508,/workspaces/RTLGen/runs/multipliers/ppg_cpa_widths_4_32/mult16u_normal_brentkung_wrapper/work/ee6c4432/result.json,mult_ppg_cpa_w4_32_sky130hd_highutil_8c56d3b0
mult16u_normal_koggestone_wrapper,sky130hd,50.0,0.65,6.0,5.9245,19449.0916,0.00746,/workspaces/RTLGen/runs/multipliers/ppg_cpa_widths_4_32/mult16u_normal_koggestone_wrapper/work/ee6c4432/result.json,mult_ppg_cpa_w4_32_sky130hd_highutil_8c56d3b0
mult16u_normal_ripple_wrapper,sky130hd,50.0,0.65,6.0,11.708,17445.1264,0.00414,/workspaces/RTLGen/runs/multipliers/ppg_cpa_widths_4_32/mult16u_normal_ripple_wrapper/work/ee6c4432/result.json,mult_ppg_cpa_w4_32_sky130hd_highutil_8c56d3b0
mult16u_normal_sklansky_wrapper,sky130hd,50.0,0.65,6.0,5.9487,18308.7961,0.00611,/workspaces/RTLGen/runs/multipliers/ppg_cpa_widths_4_32/mult16u_normal_sklansky_wrapper/work/ee6c4432/result.json,mult_ppg_cpa_w4_32_sky130hd_highutil_8c56d3b0
mult32s_booth4_brentkung_wrapper,sky130hd,50.0,0.65,6.0,16.8279,60267.795025,0.0316,/workspaces/RTLGen/runs/multipliers/ppg_cpa_widths_4_32/mult32s_booth4_brentkung_wrapper/work/ee6c4432/result.json,mult_ppg_cpa_w4_32_sky130hd_highutil_8c56d3b0
mult32s_booth4_koggestone_wrapper,sky130hd,50.0,0.65,6.0,7.0838,63930.594025,0.0814,/workspaces/RTLGen/runs/multipliers/ppg_cpa_widths_4_32/mult32s_booth4_koggestone_wrapper/work/ee6c4432/result.json,mult_ppg_cpa_w4_32_sky130hd_highutil_8c56d3b0
mult32s_booth4_ripple_wrapper,sky130hd,50.0,0.65,6.0,22.361,61298.332225,0.0247,/workspaces/RTLGen/runs/multipliers/ppg_cpa_widths_4_32/mult32s_booth4_ripple_wrapper/work/ee6c4432/result.json,mult_ppg_cpa_w4_32_sky130hd_highutil_8c56d3b0
mult32s_booth4_sklansky_wrapper,sky130hd,50.0,0.65,6.0,7.4718,61461.847225,0.0516,/workspaces/RTLGen/runs/multipliers/ppg_cpa_widths_4_32/mult32s_booth4_sklansky_wrapper/work/ee6c4432/result.json,mult_ppg_cpa_w4_32_sky130hd_highutil_8c56d3b0
mult32s_normal_brentkung_wrapper,sky130hd,50.0,0.65,6.0,17.1224,66321.7009,0.0328,/workspaces/RTLGen/runs/multipliers/ppg_cpa_widths_4_32/mult32s_normal_brentkung_wrapper/work/ee6c4432/result.json,mult_ppg_cpa_w4_32_sky130hd_highutil_8c56d3b0
mult32s_normal_koggestone_wrapper,sky130hd,50.0,0.65,6.0,7.2993,69032.3076,0.099,/workspaces/RTLGen/runs/multipliers/ppg_cpa_widths_4_32/mult32s_normal_koggestone_wrapper/work/ee6c4432/result.json,mult_ppg_cpa_w4_32_sky130hd_highutil_8c56d3b0
mult32s_normal_ripple_wrapper,sky130hd,50.0,0.65,6.0,23.1142,66211.009225,0.0257,/workspaces/RTLGen/runs/multipliers/ppg_cpa_widths_4_32/mult32s_normal_ripple_wrapper/work/ee6c4432/result.json,mult_ppg_cpa_w4_32_sky130hd_highutil_8c56d3b0
mult32s_normal_sklansky_wrapper,sky130hd,50.0,0.65,6.0,7.5146,67207.970025,0.0652,/workspaces/RTLGen/runs/multipliers/ppg_cpa_widths_4_32/mult32s_normal_sklansky_wrapper/work/ee6c4432/result.json,mult_ppg_cpa_w4_32_sky130hd_highutil_8c56d3b0
mult32u_booth4_brentkung_wrapper,sky130hd,50.0,0.65,6.0,16.7924,62297.664025,0.0311,/workspaces/RTLGen/runs/multipliers/ppg_cpa_widths_4_32/mult32u_booth4_brentkung_wrapper/work/ee6c4432/result.json,mult_ppg_cpa_w4_32_sky130hd_highutil_8c56d3b0
mult32u_booth4_koggestone_wrapper,sky130hd,50.0,0.65,6.0,7.0001,64981.657225,0.0913,/workspaces/RTLGen/runs/multipliers/ppg_cpa_widths_4_32/mult32u_booth4_koggestone_wrapper/work/ee6c4432/result.json,mult_ppg_cpa_w4_32_sky130hd_highutil_8c56d3b0
mult32u_booth4_ripple_wrapper,sky130hd,50.0,0.65,6.0,22.1776,63232.1316,0.0233,/workspaces/RTLGen/runs/multipliers/ppg_cpa_widths_4_32/mult32u_booth4_ripple_wrapper/work/ee6c4432/result.json,mult_ppg_cpa_w4_32_sky130hd_highutil_8c56d3b0
mult32u_booth4_sklansky_wrapper,sky130hd,50.0,0.65,6.0,7.3396,63577.101025,0.0638,/workspaces/RTLGen/runs/multipliers/ppg_cpa_widths_4_32/mult32u_booth4_sklansky_wrapper/work/ee6c4432/result.json,mult_ppg_cpa_w4_32_sky130hd_highutil_8c56d3b0
mult32u_normal_brentkung_wrapper,sky130hd,50.0,0.65,6.0,17.2551,66254.76,0.035,/workspaces/RTLGen/runs/multipliers/ppg_cpa_widths_4_32/mult32u_normal_brentkung_wrapper/work/ee6c4432/result.json,mult_ppg_cpa_w4_32_sky130hd_highutil_8c56d3b0
mult32u_normal_koggestone_wrapper,sky130hd,50.0,0.65,6.0,7.5712,69079.6089,0.0975,/workspaces/RTLGen/runs/multipliers/ppg_cpa_widths_4_32/mult32u_normal_koggestone_wrapper/work/ee6c4432/result.json,mult_ppg_cpa_w4_32_sky130hd_highutil_8c56d3b0
mult32u_normal_ripple_wrapper,sky130hd,50.0,0.65,6.0,23.4017,65715.3225,0.0258,/workspaces/RTLGen/runs/multipliers/ppg_cpa_widths_4_32/mult32u_normal_ripple_wrapper/work/ee6c4432/result.json,mult_ppg_cpa_w4_32_sky130hd_highutil_8c56d3b0
mult32u_normal_sklansky_wrapper,sky130hd,50.0,0.65,6.0,7.5468,67036.977225,0.0589,/workspaces/RTLGen/runs/multipliers/ppg_cpa_widths_4_32/mult32u_normal_sklansky_wrapper/work/ee6c4432/result.json,mult_ppg_cpa_w4_32_sky130hd_highutil_8c56d3b0
mult4s_booth4_brentkung_wrapper,sky130hd,50.0,0.65,6.0,3.9163,1910.127025,0.000338,/workspaces/RTLGen/runs/multipliers/ppg_cpa_widths_4_32/mult4s_booth4_brentkung_wrapper/work/ee6c4432/result.json,mult_ppg_cpa_w4_32_sky130hd_highutil_8c56d3b0
mult4s_booth4_koggestone_wrapper,sky130hd,50.0,0.65,6.0,1.4126,2077.5364,0.000388,/workspaces/RTLGen/runs/multipliers/ppg_cpa_widths_4_32/mult4s_booth4_koggestone_wrapper/work/ee6c4432/result.json,mult_ppg_cpa_w4_32_sky130hd_highutil_8c56d3b0
mult4s_booth4_ripple_wrapper,sky130hd,50.0,0.65,6.0,4.0705,1818.1696,0.000328,/workspaces/RTLGen/runs/multipliers/ppg_cpa_widths_4_32/mult4s_booth4_ripple_wrapper/work/ee6c4432/result.json,mult_ppg_cpa_w4_32_sky130hd_highutil_8c56d3b0
mult4s_booth4_sklansky_wrapper,sky130hd,50.0,0.65,6.0,1.388,2009.7289,0.000377,/workspaces/RTLGen/runs/multipliers/ppg_cpa_widths_4_32/mult4s_booth4_sklansky_wrapper/work/ee6c4432/result.json,mult_ppg_cpa_w4_32_sky130hd_highutil_8c56d3b0
mult4s_normal_brentkung_wrapper,sky130hd,50.0,0.65,6.0,1.3892,1560.25,0.000328,/workspaces/RTLGen/runs/multipliers/ppg_cpa_widths_4_32/mult4s_normal_brentkung_wrapper/work/ee6c4432/result.json,mult_ppg_cpa_w4_32_sky130hd_highutil_8c56d3b0
mult4s_normal_koggestone_wrapper,sky130hd,50.0,0.65,6.0,1.3857,1705.277025,0.000349,/workspaces/RTLGen/runs/multipliers/ppg_cpa_widths_4_32/mult4s_normal_koggestone_wrapper/work/ee6c4432/result.json,mult_ppg_cpa_w4_32_sky130hd_highutil_8c56d3b0
mult4s_normal_ripple_wrapper,sky130hd,50.0,0.65,6.0,1.3872,1470.7225,0.000318,/workspaces/RTLGen/runs/multipliers/ppg_cpa_widths_4_32/mult4s_normal_ripple_wrapper/work/ee6c4432/result.json,mult_ppg_cpa_w4_32_sky130hd_highutil_8c56d3b0
mult4s_normal_sklansky_wrapper,sky130hd,50.0,0.65,6.0,1.3853,1628.9296,0.000322,/workspaces/RTLGen/runs/multipliers/ppg_cpa_widths_4_32/mult4s_normal_sklansky_wrapper/work/ee6c4432/result.json,mult_ppg_cpa_w4_32_sky130hd_highutil_8c56d3b0
mult4u_booth4_brentkung_wrapper,sky130hd,50.0,0.65,6.0,4.2148,1933.3609,0.000392,/workspaces/RTLGen/runs/multipliers/ppg_cpa_widths_4_32/mult4u_booth4_brentkung_wrapper/work/ee6c4432/result.json,mult_ppg_cpa_w4_32_sky130hd_highutil_8c56d3b0
mult4u_booth4_koggestone_wrapper,sky130hd,50.0,0.65,6.0,1.3993,2009.7289,0.000416,/workspaces/RTLGen/runs/multipliers/ppg_cpa_widths_4_32/mult4u_booth4_koggestone_wrapper/work/ee6c4432/result.json,mult_ppg_cpa_w4_32_sky130hd_highutil_8c56d3b0
mult4u_booth4_ripple_wrapper,sky130hd,50.0,0.65,6.0,4.5613,1841.697225,0.000367,/workspaces/RTLGen/runs/multipliers/ppg_cpa_widths_4_32/mult4u_booth4_ripple_wrapper/work/ee6c4432/result.json,mult_ppg_cpa_w4_32_sky130hd_highutil_8c56d3b0
mult4u_booth4_sklansky_wrapper,sky130hd,50.0,0.65,6.0,1.3876,2001.6676,0.000391,/workspaces/RTLGen/runs/multipliers/ppg_cpa_widths_4_32/mult4u_booth4_sklansky_wrapper/work/ee6c4432/result.json,mult_ppg_cpa_w4_32_sky130hd_highutil_8c56d3b0
mult4u_normal_brentkung_wrapper,sky130hd,50.0,0.65,6.0,1.3946,1491.890625,0.000279,/workspaces/RTLGen/runs/multipliers/ppg_cpa_widths_4_32/mult4u_normal_brentkung_wrapper/work/ee6c4432/result.json,mult_ppg_cpa_w4_32_sky130hd_highutil_8c56d3b0
mult4u_normal_koggestone_wrapper,sky130hd,50.0,0.65,6.0,1.3876,1683.871225,0.000291,/workspaces/RTLGen/runs/multipliers/ppg_cpa_widths_4_32/mult4u_normal_koggestone_wrapper/work/ee6c4432/result.json,mult_ppg_cpa_w4_32_sky130hd_highutil_8c56d3b0
mult4u_normal_ripple_wrapper,sky130hd,50.0,0.65,6.0,1.3816,1447.0416,0.000272,/workspaces/RTLGen/runs/multipliers/ppg_cpa_widths_4_32/mult4u_normal_ripple_wrapper/work/ee6c4432/result.json,mult_ppg_cpa_w4_32_sky130hd_highutil_8c56d3b0
mult4u_normal_sklansky_wrapper,sky130hd,50.0,0.65,6.0,1.3785,1594.4049,0.000268,/workspaces/RTLGen/runs/multipliers/ppg_cpa_widths_4_32/mult4u_normal_sklansky_wrapper/work/ee6c4432/result.json,mult_ppg_cpa_w4_32_sky130hd_highutil_8c56d3b0
mult8s_booth4_brentkung_wrapper,sky130hd,50.0,0.65,6.0,5.8486,5415.4881,0.00111,/workspaces/RTLGen/runs/multipliers/ppg_cpa_widths_4_32/mult8s_booth4_brentkung_wrapper/work/ee6c4432/result.json,mult_ppg_cpa_w4_32_sky130hd_highutil_8c56d3b0
mult8s_booth4_koggestone_wrapper,sky130hd,50.0,0.65,6.0,4.7215,5959.84,0.00135,/workspaces/RTLGen/runs/multipliers/ppg_cpa_widths_4_32/mult8s_booth4_koggestone_wrapper/work/ee6c4432/result.json,mult_ppg_cpa_w4_32_sky130hd_highutil_8c56d3b0
mult8s_booth4_ripple_wrapper,sky130hd,50.0,0.65,6.0,5.8435,5425.7956,0.00105,/workspaces/RTLGen/runs/multipliers/ppg_cpa_widths_4_32/mult8s_booth4_ripple_wrapper/work/ee6c4432/result.json,mult_ppg_cpa_w4_32_sky130hd_highutil_8c56d3b0
mult8s_booth4_sklansky_wrapper,sky130hd,50.0,0.65,6.0,4.7715,5656.5441,0.00126,/workspaces/RTLGen/runs/multipliers/ppg_cpa_widths_4_32/mult8s_booth4_sklansky_wrapper/work/ee6c4432/result.json,mult_ppg_cpa_w4_32_sky130hd_highutil_8c56d3b0
mult8s_normal_brentkung_wrapper,sky130hd,50.0,0.65,6.0,5.9676,4949.1225,0.00102,/workspaces/RTLGen/runs/multipliers/ppg_cpa_widths_4_32/mult8s_normal_brentkung_wrapper/work/ee6c4432/result.json,mult_ppg_cpa_w4_32_sky130hd_highutil_8c56d3b0
mult8s_normal_koggestone_wrapper,sky130hd,50.0,0.65,6.0,4.2063,5603.271025,0.00141,/workspaces/RTLGen/runs/multipliers/ppg_cpa_widths_4_32/mult8s_normal_koggestone_wrapper/work/ee6c4432/result.json,mult_ppg_cpa_w4_32_sky130hd_highutil_8c56d3b0
mult8s_normal_ripple_wrapper,sky130hd,50.0,0.65,6.0,5.9386,4784.4889,0.00104,/workspaces/RTLGen/runs/multipliers/ppg_cpa_widths_4_32/mult8s_normal_ripple_wrapper/work/ee6c4432/result.json,mult_ppg_cpa_w4_32_sky130hd_highutil_8c56d3b0
mult8s_normal_sklansky_wrapper,sky130hd,50.0,0.65,6.0,4.3483,5281.655625,0.00122,/workspaces/RTLGen/runs/multipliers/ppg_cpa_widths_4_32/mult8s_normal_sklansky_wrapper/work/ee6c4432/result.json,mult_ppg_cpa_w4_32_sky130hd_highutil_8c56d3b0
mult8u_booth4_brentkung_wrapper,sky130hd,50.0,0.65,6.0,6.2867,6286.111225,0.00128,/workspaces/RTLGen/runs/multipliers/ppg_cpa_widths_4_32/mult8u_booth4_brentkung_wrapper/work/ee6c4432/result.json,mult_ppg_cpa_w4_32_sky130hd_highutil_8c56d3b0
mult8u_booth4_koggestone_wrapper,sky130hd,50.0,0.65,6.0,5.1793,6601.5625,0.00158,/workspaces/RTLGen/runs/multipliers/ppg_cpa_widths_4_32/mult8u_booth4_koggestone_wrapper/work/ee6c4432/result.json,mult_ppg_cpa_w4_32_sky130hd_highutil_8c56d3b0
mult8u_booth4_ripple_wrapper,sky130hd,50.0,0.65,6.0,6.4266,5616.0036,0.00116,/workspaces/RTLGen/runs/multipliers/ppg_cpa_widths_4_32/mult8u_booth4_ripple_wrapper/work/ee6c4432/result.json,mult_ppg_cpa_w4_32_sky130hd_highutil_8c56d3b0
mult8u_booth4_sklansky_wrapper,sky130hd,50.0,0.65,6.0,5.1376,6173.2449,0.00135,/workspaces/RTLGen/runs/multipliers/ppg_cpa_widths_4_32/mult8u_booth4_sklansky_wrapper/work/ee6c4432/result.json,mult_ppg_cpa_w4_32_sky130hd_highutil_8c56d3b0
mult8u_normal_brentkung_wrapper,sky130hd,50.0,0.65,6.0,5.9401,4843.464025,0.000989,/workspaces/RTLGen/runs/multipliers/ppg_cpa_widths_4_32/mult8u_normal_brentkung_wrapper/work/ee6c4432/result.json,mult_ppg_cpa_w4_32_sky130hd_highutil_8c56d3b0
mult8u_normal_koggestone_wrapper,sky130hd,50.0,0.65,6.0,4.2709,5242.484025,0.00118,/workspaces/RTLGen/runs/multipliers/ppg_cpa_widths_4_32/mult8u_normal_koggestone_wrapper/work/ee6c4432/result.json,mult_ppg_cpa_w4_32_sky130hd_highutil_8c56d3b0
mult8u_normal_ripple_wrapper,sky130hd,50.0,0.65,6.0,6.1128,4637.61,0.000971,/workspaces/RTLGen/runs/multipliers/ppg_cpa_widths_4_32/mult8u_normal_ripple_wrapper/work/ee6c4432/result.json,mult_ppg_cpa_w4_32_sky130hd_highutil_8c56d3b0
mult8u_normal_sklansky_wrapper,sky130hd,50.0,0.65,6.0,4.1368,5248.278025,0.00109,/workspaces/RTLGen/runs/multipliers/ppg_cpa_widths_4_32/mult8u_normal_sklansky_wrapper/work/ee6c4432/result.json,mult_ppg_cpa_w4_32_sky130hd_highutil_8c56d3b0
